"X","Y","Z"
1472.95,1298.57,100.21
1472.29,1298.63,100.24
1472.26,1298.63,100.21
1472.93,1296.51,98.55
1472.94,1296.52,98.56
1472.59,1296.99,98.52
1472.59,1297.02,98.52
1472.25,1296.37,98.54
1472.90,1296.51,98.48
1472.95,1296.45,98.50
1472.58,1296.56,98.50
1472.63,1296.52,98.49
1472.65,1296.67,98.48
1472.72,1296.64,98.49
1472.77,1296.78,98.47
1472.83,1296.83,98.47
1472.27,1296.35,98.52
1472.25,1297.14,98.26
1472.10,1296.92,98.24
1472.14,1296.74,98.22
1471.97,1296.62,98.24
1472.27,1296.71,98.25
1472.16,1296.72,98.28
1472.10,1296.83,98.51
1472.07,1296.78,98.51
1472.09,1296.87,98.52
1472.20,1296.73,98.49
1472.14,1296.69,98.49
1472.53,1296.45,98.49
1472.57,1296.48,98.48
1472.90,1296.63,98.47
1472.88,1296.65,98.46
1472.27,1296.40,98.47
1472.29,1296.34,98.46
1472.33,1296.93,98.46
1472.34,1296.93,98.46
1472.92,1296.36,98.42
1472.20,1296.30,98.41
1472.23,1296.30,98.40
1472.42,1296.75,98.38
1472.39,1296.76,98.38
1472.40,1296.93,98.41
1472.38,1296.92,98.41
1472.28,1296.89,98.41
1472.29,1296.87,98.41
1472.00,1296.63,98.38
1472.04,1296.63,98.36
1472.10,1296.65,98.36
1472.12,1296.65,98.36
1472.65,1296.76,98.37
1472.65,1296.77,98.37
1472.79,1296.31,98.37
1472.85,1296.30,98.38
1472.85,1296.25,98.36
1472.92,1296.21,98.38
1472.25,1296.46,98.36
1472.24,1296.46,98.37
1472.03,1296.44,98.44
1472.07,1296.43,98.42
1472.44,1296.17,98.31
1472.46,1296.16,98.32
1472.42,1296.30,98.34
1472.43,1296.32,98.34
1472.34,1296.08,98.31
1472.32,1296.09,98.31
1472.51,1296.45,98.24
1472.50,1296.47,98.24
1472.10,1296.35,98.40
1472.11,1296.36,98.39
1472.10,1296.37,98.36
1472.08,1296.36,98.37
1472.11,1296.33,98.37
1472.09,1296.32,98.38
1472.11,1296.26,98.34
1472.18,1296.25,98.38
1472.11,1296.28,98.35
1472.13,1296.26,98.37
1472.11,1296.23,98.33
1472.10,1296.22,98.35
1472.09,1296.22,98.34
1472.10,1296.18,98.36
1472.08,1296.20,98.33
1472.07,1296.27,98.37
1472.11,1296.24,98.38
1472.06,1296.27,98.37
1472.13,1296.28,98.40
1472.21,1296.63,98.10
1472.27,1296.62,98.10
1472.64,1296.38,98.06
1472.60,1296.38,98.06
1472.38,1296.38,98.05
1472.39,1296.31,98.05
1472.40,1296.26,98.00
1472.37,1296.24,98.00
1472.58,1296.06,98.04
1472.61,1296.10,98.03
1472.45,1296.90,98.00
1472.45,1296.92,98.00
1472.72,1296.58,97.96
1472.75,1296.58,97.96
1472.73,1296.59,97.97
1472.76,1296.58,97.97
1472.65,1296.65,98.00
1472.68,1296.69,97.99
1472.50,1296.12,97.97
1472.51,1296.14,97.97
1472.73,1296.27,97.92
1472.76,1296.30,97.89
1472.95,1296.29,97.94
1472.94,1296.34,97.89
1472.28,1296.32,97.95
1472.26,1296.28,97.89
1472.46,1296.54,97.88
1472.63,1296.53,97.86
1472.87,1296.24,97.84
1472.26,1296.22,97.93
1472.30,1296.25,97.90
1472.30,1296.29,97.90
1472.34,1296.27,97.91
1472.47,1296.22,97.94
1472.28,1296.54,98.04
1472.55,1296.33,97.93
1472.35,1296.34,97.93
1472.54,1296.15,97.86
1472.35,1296.19,97.94
1472.61,1295.99,97.97
1472.59,1296.17,97.89
1472.96,1296.28,97.86
1472.89,1296.19,97.91
1472.94,1296.22,97.86
1473.01,1296.33,97.91
1472.94,1296.41,97.88
1473.79,1296.77,98.53
1473.82,1296.77,98.53
1473.68,1296.86,98.52
1473.61,1296.81,98.52
1473.81,1296.76,98.51
1473.82,1296.78,98.50
1473.25,1296.69,98.54
1473.27,1296.71,98.54
1473.19,1296.76,98.51
1473.21,1296.78,98.52
1473.66,1296.80,98.48
1473.62,1296.77,98.49
1473.23,1296.24,98.45
1473.23,1296.21,98.45
1473.64,1296.55,98.46
1473.60,1296.50,98.46
1473.53,1296.50,98.45
1473.50,1296.55,98.45
1473.04,1296.23,98.42
1473.00,1296.28,98.42
1473.02,1296.36,98.38
1473.04,1296.34,98.39
1473.31,1296.80,98.36
1473.29,1296.79,98.35
1473.61,1296.53,98.28
1473.59,1296.53,98.29
1473.92,1296.84,98.29
1473.92,1296.86,98.28
1473.33,1296.89,98.26
1473.32,1296.87,98.25
1473.76,1296.32,98.23
1473.74,1296.32,98.22
1473.50,1296.29,98.24
1473.54,1296.25,98.20
1473.58,1296.62,98.23
1473.94,1296.77,98.23
1473.75,1296.66,98.20
1473.74,1296.65,98.20
1473.58,1296.61,98.23
1473.58,1296.56,98.16
1473.59,1296.54,98.16
1473.29,1296.36,98.16
1473.16,1296.22,98.13
1473.61,1296.64,98.14
1473.55,1296.55,98.17
1473.55,1296.27,98.01
1473.20,1296.70,98.06
1473.22,1296.68,98.05
1473.31,1296.66,98.06
1473.34,1296.66,98.07
1474.01,1296.72,98.03
1473.85,1296.75,98.01
1473.99,1296.70,98.05
1473.81,1296.81,98.00
1473.18,1296.84,98.01
1473.16,1296.81,98.02
1473.25,1296.56,98.02
1473.36,1296.76,98.10
1473.99,1296.77,97.99
1473.95,1296.70,97.98
1473.01,1296.83,97.92
1473.07,1296.84,97.94
1473.71,1296.93,97.92
1473.71,1296.94,97.92
1473.71,1296.73,97.91
1473.76,1296.58,97.91
1473.10,1296.79,97.93
1473.05,1296.97,97.96
1473.07,1296.93,97.98
1473.07,1296.41,97.86
1473.06,1296.35,97.87
1473.96,1296.80,97.87
1473.90,1296.78,97.87
1473.85,1296.40,97.88
1473.68,1296.26,97.81
1473.89,1296.18,97.82
1473.73,1296.13,97.82
1473.99,1296.70,97.82
1474.03,1296.63,97.82
1473.04,1296.14,97.81
1473.00,1296.16,97.83
1473.68,1296.67,97.77
1473.65,1296.64,97.82
1473.78,1296.75,97.73
1473.00,1296.61,97.88
1473.10,1296.80,97.88
1473.14,1296.78,97.89
1473.19,1296.81,97.88
1473.27,1296.73,97.94
1473.28,1296.76,97.90
1473.20,1296.83,97.88
1473.25,1296.87,97.88
1473.36,1296.82,97.91
1473.29,1296.92,97.89
1473.40,1296.86,97.92
1473.35,1296.96,97.91
1474.98,1297.03,98.42
1474.97,1297.02,98.41
1474.85,1297.09,98.45
1474.88,1297.02,98.44
1474.76,1297.03,98.42
1474.64,1297.17,98.43
1474.83,1297.06,98.42
1474.75,1297.04,98.41
1474.93,1297.03,98.41
1474.89,1297.03,98.41
1474.63,1296.80,98.47
1474.65,1296.84,98.48
1474.20,1296.47,98.49
1474.25,1296.48,98.48
1474.15,1296.71,98.48
1474.17,1296.70,98.49
1474.32,1296.49,98.43
1474.30,1296.46,98.45
1474.29,1296.48,98.44
1474.28,1296.47,98.45
1474.28,1296.70,98.56
1474.23,1296.44,98.47
1474.68,1296.74,98.43
1474.66,1296.81,98.43
1474.65,1296.51,98.40
1474.17,1296.03,98.40
1474.14,1296.03,98.39
1474.60,1296.55,98.43
1474.54,1296.44,98.41
1474.74,1296.41,98.46
1474.79,1296.55,98.46
1474.60,1296.18,98.44
1474.96,1296.34,98.42
1474.75,1296.97,98.39
1474.74,1296.84,98.40
1474.77,1296.90,98.39
1474.38,1296.98,98.40
1474.87,1296.38,98.27
1474.89,1296.41,98.27
1474.92,1296.52,98.26
1474.91,1296.51,98.27
1474.35,1296.80,98.29
1474.33,1296.75,98.30
1474.99,1296.57,98.25
1474.95,1296.58,98.25
1474.30,1296.52,98.28
1474.31,1296.53,98.28
1474.17,1296.74,98.24
1474.16,1296.75,98.25
1475.05,1296.98,98.25
1474.65,1296.70,98.25
1474.97,1296.88,98.25
1474.90,1296.81,98.26
1474.66,1296.80,98.27
1474.71,1296.76,98.27
1474.07,1296.92,98.29
1474.14,1297.00,98.30
1474.09,1296.93,98.30
1474.19,1296.89,98.29
1474.32,1296.95,98.26
1474.35,1296.95,98.26
1474.04,1296.78,98.20
1474.05,1296.79,98.19
1474.29,1296.51,98.15
1474.33,1296.52,98.17
1474.36,1296.34,98.14
1474.38,1296.33,98.13
1474.54,1296.92,98.13
1474.56,1296.93,98.13
1474.19,1296.24,98.13
1474.19,1296.24,98.12
1474.57,1296.49,98.12
1474.57,1296.48,98.12
1474.84,1296.33,98.05
1474.68,1296.35,98.06
1474.69,1296.34,98.06
1474.67,1296.37,97.96
1474.66,1296.34,97.95
1474.45,1296.69,97.85
1474.39,1296.70,97.87
1474.34,1296.90,97.77
1474.42,1296.85,97.77
1474.63,1296.33,97.71
1474.59,1296.29,97.72
1474.96,1296.30,97.59
1474.96,1296.30,97.59
1475.04,1297.07,98.25
1475.12,1297.09,98.26
1474.95,1297.35,98.38
1475.04,1297.32,98.37
1475.07,1297.39,98.28
1475.61,1297.02,98.10
1475.58,1297.01,98.10
1475.18,1297.29,98.21
1475.09,1297.30,98.24
1475.11,1297.33,98.20
1475.16,1297.37,98.20
1475.08,1297.35,98.19
1475.00,1297.38,98.24
1475.29,1297.38,98.20
1475.27,1297.38,98.18
1475.63,1297.48,98.87
1475.62,1297.47,98.87
1475.32,1297.17,98.01
1475.56,1297.26,97.85
1475.55,1297.22,97.85
1475.90,1297.07,97.84
1475.78,1297.09,97.80
1475.38,1297.03,97.88
1475.37,1297.01,97.88
1475.02,1296.91,98.26
1475.04,1296.89,98.25
1475.07,1296.32,98.20
1475.05,1296.31,98.19
1475.04,1296.86,98.21
1475.58,1296.84,97.92
1475.62,1296.88,97.92
1475.50,1296.37,97.88
1475.49,1296.37,97.87
1475.82,1296.79,97.90
1475.85,1296.78,97.89
1475.68,1296.82,97.84
1475.65,1296.80,97.82
1475.95,1296.29,97.77
1476.00,1296.25,97.79
1475.18,1296.20,97.76
1475.13,1296.19,97.75
1475.61,1296.64,97.78
1475.40,1296.77,97.80
1475.91,1296.60,97.72
1475.92,1296.58,97.71
1475.67,1296.86,97.73
1475.63,1296.80,97.74
1475.26,1296.87,97.77
1475.26,1296.83,97.74
1476.11,1297.03,97.84
1476.05,1296.34,97.74
1476.17,1296.31,97.76
1476.46,1297.45,98.36
1476.51,1297.45,98.35
1476.84,1297.48,98.47
1476.90,1297.36,98.43
1476.55,1297.38,98.04
1476.61,1297.36,98.01
1476.74,1297.42,97.77
1476.70,1297.45,97.80
1477.00,1297.30,97.75
1476.90,1297.50,97.75
1476.26,1297.36,98.17
1476.04,1297.19,98.12
1476.08,1297.23,98.10
1476.12,1297.30,98.02
1476.31,1297.39,97.79
1476.30,1297.38,97.84
1476.36,1297.46,97.79
1476.31,1297.43,97.80
1476.21,1297.43,97.78
1476.13,1297.36,97.85
1477.05,1297.78,98.23
1477.05,1297.78,98.21
1477.06,1297.91,98.15
1477.09,1297.95,98.15
1477.03,1297.61,98.09
1477.02,1297.62,98.10
1477.61,1297.96,97.98
1477.63,1297.96,97.97
1477.29,1297.46,97.98
1477.62,1297.46,97.85
1477.15,1297.92,97.87
1477.15,1297.94,97.88
1477.93,1297.84,97.82
1477.91,1297.80,97.82
1477.53,1297.53,97.78
1477.64,1297.82,97.76
1477.64,1297.81,97.76
1477.72,1297.87,97.75
1477.77,1297.90,97.76
1477.58,1297.58,97.73
1477.58,1297.55,97.73
1477.64,1297.88,97.75
1477.65,1297.90,97.75
1477.64,1297.84,97.73
1477.61,1297.90,97.73
1477.59,1297.95,97.70
1477.58,1297.93,97.71
1477.07,1297.77,97.76
1477.02,1297.75,97.73
1477.49,1297.51,97.71
1477.47,1297.51,97.71
1477.07,1297.74,97.41
1477.07,1297.71,97.42
1478.63,1297.82,98.00
1478.63,1297.85,97.99
1478.17,1298.06,97.83
1478.21,1297.99,97.80
1478.54,1297.88,97.89
1478.54,1297.88,97.88
1478.18,1297.76,97.76
1478.25,1297.75,97.79
1478.14,1297.96,97.79
1478.13,1297.94,97.79
1478.19,1297.92,97.73
1478.18,1297.93,97.72
1478.09,1297.92,97.74
1478.08,1297.91,97.73
1478.02,1297.79,97.74
1478.06,1297.78,97.72
1478.84,1297.73,97.78
1478.89,1297.72,97.75
1478.03,1297.38,97.69
1478.14,1297.49,97.67
1478.37,1297.82,97.27
1478.26,1297.19,97.27
1478.25,1297.22,97.26
1479.59,1298.69,98.74
1479.60,1298.33,98.72
1479.34,1298.76,98.71
1479.37,1298.80,98.71
1479.79,1298.54,98.68
1479.88,1298.27,98.64
1479.47,1297.67,97.91
1479.52,1297.64,97.90
1479.21,1297.83,97.85
1479.27,1297.90,97.85
1479.10,1297.40,97.73
1479.90,1297.76,97.71
1479.96,1297.74,97.72
1479.64,1297.84,97.69
1479.75,1297.47,97.71
1479.74,1297.46,97.71
1479.42,1297.69,97.65
1479.44,1297.68,97.62
1479.43,1297.79,97.61
1479.41,1297.73,97.60
1479.14,1297.46,97.60
1479.37,1297.70,97.68
1479.57,1297.70,97.68
1478.88,1297.44,97.67
1479.02,1297.55,97.65
1479.07,1297.93,97.66
1479.03,1297.93,97.69
1479.85,1297.53,97.59
1479.72,1297.44,97.60
1479.89,1297.82,97.61
1479.87,1297.87,97.59
1479.75,1297.57,97.60
1479.87,1297.52,97.57
1479.77,1297.65,97.52
1479.77,1297.64,97.53
1481.82,1294.89,98.72
1481.82,1294.88,98.72
1481.51,1294.64,98.73
1481.54,1294.65,98.73
1481.91,1294.69,98.49
1481.94,1294.69,98.49
1481.44,1294.92,98.45
1481.46,1294.93,98.44
1481.47,1294.94,98.44
1481.45,1294.94,98.45
1481.48,1294.96,98.44
1481.46,1294.96,98.44
1481.48,1294.97,98.44
1481.47,1294.96,98.44
1481.49,1294.97,98.44
1481.46,1294.96,98.44
1481.47,1294.93,98.44
1481.48,1294.94,98.45
1481.44,1294.93,98.44
1481.45,1294.93,98.44
1481.83,1294.90,98.42
1481.81,1294.90,98.42
1481.88,1294.61,98.14
1481.84,1294.57,98.14
1481.47,1294.96,98.11
1481.32,1294.86,97.62
1481.31,1294.91,97.62
1481.30,1294.94,97.62
1481.68,1294.85,97.49
1481.66,1294.87,97.50
1481.77,1294.77,97.46
1481.78,1294.73,97.47
1481.51,1294.92,97.36
1481.48,1294.91,97.38
1481.69,1294.75,97.36
1481.70,1294.72,97.37
1481.33,1294.80,97.34
1481.36,1294.75,97.34
1481.96,1294.71,97.29
1481.89,1294.95,97.26
1481.98,1294.95,97.30
1481.76,1294.97,97.55
1481.80,1295.06,97.63
1482.04,1294.97,98.42
1482.08,1295.00,98.41
1482.62,1294.70,98.36
1482.63,1294.71,98.36
1482.82,1295.03,98.38
1482.80,1294.97,98.37
1482.71,1294.66,98.32
1482.71,1294.70,98.31
1482.87,1294.85,98.36
1482.86,1294.84,98.36
1482.84,1294.87,98.36
1482.85,1294.89,98.36
1482.88,1294.81,98.36
1482.85,1294.77,98.35
1482.76,1294.71,98.37
1482.78,1294.75,98.35
1482.65,1294.68,98.36
1482.67,1294.67,98.35
1482.96,1294.83,98.36
1482.94,1294.84,98.36
1482.42,1294.54,98.37
1482.38,1294.58,98.37
1482.86,1294.68,98.34
1482.87,1294.66,98.34
1482.84,1294.66,98.35
1482.85,1294.65,98.35
1482.24,1294.55,98.03
1482.61,1294.69,97.51
1482.13,1294.89,97.43
1482.11,1294.90,97.41
1482.10,1295.07,97.41
1482.14,1294.99,97.39
1482.10,1294.92,97.39
1482.02,1294.97,97.37
1482.12,1294.73,97.36
1482.35,1294.66,97.34
1482.23,1294.62,97.31
1482.27,1294.79,97.28
1482.33,1294.96,97.31
1482.37,1294.83,97.27
1482.36,1294.83,97.27
1482.41,1294.82,97.28
1482.38,1294.83,97.27
1482.45,1294.83,97.01
1482.99,1294.60,97.45
1483.02,1294.61,97.47
1482.91,1294.88,97.44
1482.91,1294.86,97.45
1482.87,1294.84,97.43
1482.88,1294.83,97.44
1482.71,1294.65,97.43
1482.66,1294.73,97.44
1482.66,1294.73,97.45
1482.80,1294.69,97.43
1482.62,1294.68,97.44
1482.74,1294.91,97.41
1482.75,1294.90,97.41
1482.56,1294.63,97.37
1482.57,1294.63,97.37
1482.64,1294.86,97.38
1482.65,1294.93,97.41
1482.61,1294.80,97.35
1482.96,1294.91,97.34
1482.94,1294.91,97.34
1482.94,1294.96,97.34
1482.79,1294.85,97.32
1482.94,1294.73,97.32
1482.66,1294.89,97.33
1482.54,1294.97,97.34
1482.71,1294.78,97.32
1482.94,1294.72,97.32
1482.93,1294.74,97.31
1482.94,1294.75,97.32
1482.84,1294.75,97.32
1482.80,1294.74,97.33
1482.96,1294.90,97.31
1482.86,1294.66,97.30
1482.81,1294.69,97.32
1482.77,1294.64,97.30
1482.69,1294.85,97.34
1482.73,1294.84,97.35
1482.76,1294.64,97.29
1482.76,1294.66,97.31
1482.87,1294.90,97.30
1482.98,1294.94,97.34
1482.95,1294.94,97.33
1482.57,1294.93,97.35
1482.64,1294.86,97.32
1482.61,1294.89,97.33
1482.80,1294.67,97.31
1482.80,1294.64,97.30
1482.74,1294.63,97.30
1482.74,1294.61,97.30
1482.80,1294.89,97.29
1482.78,1294.76,97.29
1482.76,1294.73,97.28
1482.91,1294.69,97.30
1482.89,1294.65,97.29
1482.80,1294.74,97.25
1482.82,1294.74,97.26
1482.74,1294.75,97.26
1482.74,1294.73,97.27
1482.70,1294.82,97.26
1482.93,1294.76,97.25
1482.92,1294.75,97.25
1482.69,1294.76,97.26
1482.74,1294.80,97.26
1482.79,1295.03,97.28
1482.81,1294.97,97.27
1483.87,1294.77,98.86
1483.03,1294.88,98.34
1483.09,1294.71,98.34
1483.07,1294.72,98.34
1483.50,1294.62,98.33
1483.25,1294.82,98.33
1483.26,1294.83,98.33
1483.50,1294.61,98.30
1483.50,1294.60,98.29
1483.28,1294.85,98.33
1483.26,1294.85,98.33
1483.25,1294.86,98.33
1483.23,1294.86,98.33
1483.22,1294.91,98.33
1483.24,1294.90,98.33
1483.28,1294.93,98.32
1483.31,1294.91,98.33
1483.55,1294.89,98.29
1483.56,1294.88,98.29
1483.47,1294.86,98.31
1483.49,1294.87,98.31
1483.55,1294.88,98.29
1483.54,1294.86,98.30
1483.56,1294.92,98.30
1483.60,1294.92,98.32
1483.89,1294.95,98.29
1483.91,1294.99,98.29
1483.93,1295.01,98.30
1483.79,1294.89,98.27
1483.79,1294.92,98.26
1483.74,1294.74,98.28
1483.72,1294.76,98.27
1483.72,1294.57,98.27
1483.73,1294.56,98.27
1483.68,1294.52,98.28
1483.67,1294.52,98.27
1483.51,1294.83,98.13
1483.52,1294.84,98.14
1483.48,1294.55,98.13
1483.54,1294.58,98.10
1483.37,1294.81,97.98
1483.14,1294.57,97.98
1483.41,1294.68,97.89
1483.44,1294.71,97.89
1483.51,1294.97,97.67
1483.23,1294.85,97.60
1483.20,1294.84,97.60
1483.02,1294.63,97.47
1483.06,1294.65,97.51
1483.57,1294.72,97.47
1483.65,1294.76,97.46
1483.61,1294.76,97.47
1483.62,1294.82,97.48
1483.61,1294.83,97.51
1483.55,1294.78,97.47
1483.58,1294.80,97.50
1483.79,1294.86,97.47
1483.82,1294.85,97.47
1483.04,1294.62,97.50
1483.02,1294.62,97.48
1483.05,1294.61,97.48
1483.03,1294.59,97.47
1483.02,1294.60,97.47
1483.04,1294.62,97.48
1483.44,1294.99,97.35
1483.42,1294.97,97.35
1483.06,1294.84,97.34
1483.18,1294.66,97.33
1483.42,1294.94,97.33
1483.38,1295.02,97.35
1483.11,1294.79,97.33
1483.08,1294.80,97.34
1483.11,1294.76,97.34
1483.38,1294.86,97.35
1483.96,1294.80,97.34
1483.91,1294.79,97.33
1483.91,1294.81,97.34
1483.68,1294.75,97.32
1483.70,1294.76,97.32
1483.66,1294.73,97.30
1483.63,1294.73,97.29
1483.90,1294.98,97.32
1483.89,1295.01,97.33
1483.20,1294.88,97.25
1483.19,1294.88,97.26
1483.15,1294.94,97.26
1483.18,1294.97,97.25
1483.47,1294.78,97.26
1483.43,1294.84,97.22
1483.11,1294.89,97.21
1483.55,1294.55,97.27
1483.56,1294.56,97.28
1483.66,1294.77,97.25
1483.65,1294.77,97.26
1483.15,1294.67,97.12
1483.16,1294.66,97.12
1484.14,1294.94,98.29
1484.13,1294.93,98.29
1484.38,1294.70,98.27
1484.39,1294.69,98.27
1484.13,1294.84,98.29
1484.13,1294.90,98.27
1484.24,1294.58,98.27
1484.25,1294.59,98.26
1484.24,1294.74,98.26
1484.25,1294.75,98.26
1484.25,1294.78,98.26
1484.25,1294.80,98.26
1484.24,1294.79,98.26
1484.21,1294.86,98.26
1484.20,1294.87,98.26
1484.22,1294.86,98.26
1484.21,1294.89,98.26
1484.26,1294.89,98.26
1484.24,1294.88,98.26
1484.32,1294.93,98.25
1484.31,1294.93,98.25
1484.33,1294.94,98.25
1484.33,1294.91,98.25
1484.30,1294.94,98.25
1484.32,1294.93,98.25
1484.34,1294.91,98.25
1484.35,1294.89,98.25
1484.41,1294.98,98.23
1484.43,1294.98,98.24
1484.47,1294.82,98.22
1484.45,1294.86,98.23
1484.48,1294.85,98.22
1484.49,1294.80,98.22
1484.52,1294.88,98.23
1484.54,1294.88,98.23
1484.56,1294.96,98.21
1484.58,1294.95,98.22
1484.64,1294.95,98.22
1484.51,1294.94,98.22
1484.63,1294.92,98.21
1484.59,1294.90,98.21
1484.62,1294.86,98.21
1484.60,1294.88,98.21
1484.62,1294.83,98.22
1484.67,1294.97,98.22
1484.69,1294.95,98.22
1484.63,1294.86,98.21
1484.71,1294.84,98.21
1484.70,1294.86,98.21
1484.61,1294.82,98.21
1484.68,1294.93,98.20
1484.64,1294.88,98.21
1484.60,1294.61,98.21
1484.61,1294.60,98.20
1484.72,1294.59,98.19
1484.67,1294.76,98.22
1484.66,1294.78,98.22
1484.68,1294.80,98.21
1484.70,1294.78,98.22
1484.70,1294.79,98.21
1484.67,1294.65,98.20
1484.67,1294.67,98.20
1484.69,1294.66,98.20
1484.67,1294.65,98.20
1484.79,1294.85,98.21
1484.80,1294.82,98.21
1484.81,1294.83,98.22
1484.81,1294.82,98.21
1484.81,1294.84,98.21
1484.76,1294.63,98.19
1484.72,1294.65,98.20
1484.68,1294.77,98.22
1484.70,1294.78,98.21
1484.69,1294.79,98.21
1484.99,1294.84,98.22
1485.00,1294.84,98.22
1484.53,1294.99,98.19
1484.51,1294.99,98.19
1484.22,1294.65,98.16
1484.18,1294.74,98.15
1484.83,1294.76,98.19
1484.95,1294.67,98.18
1484.66,1294.66,98.18
1484.83,1294.68,98.19
1484.84,1294.68,98.18
1484.85,1294.68,98.17
1484.87,1294.57,98.08
1484.93,1294.81,98.11
1484.88,1294.72,98.10
1484.93,1294.82,98.11
1484.46,1294.74,98.10
1484.56,1294.60,98.09
1484.31,1294.56,98.08
1484.29,1294.58,98.07
1484.49,1294.81,98.04
1484.50,1294.78,98.05
1484.95,1294.80,97.95
1484.54,1294.90,97.86
1484.54,1294.88,97.87
1484.68,1294.95,97.80
1484.56,1294.69,97.61
1484.55,1294.67,97.61
1484.06,1294.91,97.62
1484.03,1294.92,97.55
1484.01,1294.89,97.55
1484.42,1294.96,97.55
1484.45,1294.94,97.55
1484.33,1294.91,97.56
1484.07,1294.98,97.54
1484.03,1294.95,97.54
1484.78,1294.88,97.53
1484.79,1294.86,97.50
1484.72,1294.74,97.48
1484.40,1294.86,97.43
1484.42,1294.88,97.44
1484.25,1294.82,97.44
1484.26,1294.85,97.44
1484.16,1294.70,97.35
1484.01,1294.83,97.34
1483.98,1294.86,97.35
1484.65,1294.66,97.38
1484.74,1294.80,97.36
1484.84,1294.91,97.34
1484.95,1294.75,97.31
1484.94,1294.72,97.33
1484.96,1294.60,97.35
1484.63,1294.78,97.37
1484.84,1294.81,97.31
1484.87,1294.93,97.32
1484.62,1294.79,97.24
1484.84,1294.76,97.24
1484.07,1294.84,97.24
1484.08,1294.87,97.25
1484.45,1294.98,97.21
1484.35,1294.82,97.21
1484.35,1294.73,97.18
1484.32,1294.74,97.17
1484.72,1294.66,97.14
1484.93,1294.77,97.15
1484.91,1294.75,97.12
1484.96,1294.77,97.14
1484.98,1294.78,97.13
1484.97,1294.79,97.11
1484.94,1294.76,97.10
1479.98,1298.48,98.71
1479.98,1298.46,98.71
1480.00,1298.48,98.70
1479.99,1298.50,98.70
1480.03,1298.61,98.71
1480.02,1298.60,98.71
1480.04,1298.52,98.70
1480.04,1298.62,98.71
1480.03,1298.57,98.71
1480.02,1298.54,98.70
1480.13,1298.58,98.72
1480.11,1298.62,98.71
1480.10,1298.58,98.71
1480.13,1298.55,98.70
1480.05,1298.45,98.68
1480.07,1298.85,98.51
1480.04,1298.84,98.51
1480.00,1298.95,98.43
1480.04,1298.91,98.44
1480.08,1298.86,98.44
1480.04,1298.53,98.41
1480.40,1297.73,97.85
1480.38,1297.72,97.84
1480.36,1297.60,97.75
1480.30,1297.58,97.76
1480.20,1297.42,97.53
1480.22,1297.44,97.53
1480.78,1296.62,98.57
1481.21,1295.31,98.52
1481.80,1295.72,98.52
1481.83,1295.73,98.50
1481.34,1295.93,98.51
1481.35,1295.93,98.51
1481.35,1295.35,98.51
1481.33,1295.34,98.51
1481.04,1295.73,98.50
1481.10,1295.81,98.49
1481.12,1295.82,98.49
1481.34,1295.58,98.49
1481.37,1295.00,98.45
1481.37,1295.01,98.45
1481.39,1295.17,98.46
1481.40,1295.19,98.46
1481.84,1295.43,98.45
1481.85,1295.46,98.45
1481.72,1295.46,98.45
1481.78,1295.46,98.45
1481.28,1295.64,98.48
1481.26,1295.63,98.49
1481.66,1295.36,98.44
1481.69,1295.39,98.46
1480.98,1295.90,98.50
1481.00,1295.89,98.50
1481.65,1295.32,98.45
1481.66,1295.33,98.46
1481.14,1295.60,98.49
1481.16,1295.60,98.48
1481.10,1295.73,98.50
1481.11,1295.73,98.50
1481.31,1295.54,98.48
1481.32,1295.54,98.48
1480.87,1295.95,98.50
1480.89,1295.96,98.49
1480.92,1295.97,98.49
1480.92,1295.95,98.49
1481.02,1295.95,98.49
1481.01,1295.94,98.49
1481.65,1295.78,98.47
1481.70,1295.77,98.46
1481.69,1295.72,98.46
1481.66,1295.77,98.48
1480.99,1295.29,98.41
1481.03,1295.38,98.41
1481.68,1295.41,98.41
1481.71,1295.43,98.41
1481.87,1295.54,98.32
1481.84,1295.48,98.32
1481.35,1295.67,98.25
1481.36,1295.65,98.25
1481.92,1295.88,98.22
1481.89,1295.88,98.22
1481.92,1295.88,98.22
1481.83,1295.88,98.22
1481.33,1295.78,98.17
1481.92,1295.78,98.25
1481.89,1295.77,98.25
1481.83,1295.16,98.20
1481.60,1295.93,98.16
1481.59,1295.93,98.16
1481.79,1295.08,98.19
1481.18,1295.12,98.11
1481.16,1295.08,98.10
1481.50,1295.17,98.13
1481.58,1295.04,98.11
1481.03,1295.68,98.11
1481.03,1295.67,98.10
1481.03,1295.65,98.10
1481.56,1295.86,97.97
1481.60,1295.20,97.83
1481.59,1295.20,97.83
1481.61,1295.30,97.82
1481.60,1295.30,97.82
1481.57,1295.27,97.80
1481.58,1295.27,97.80
1481.68,1295.76,97.79
1481.69,1295.73,97.81
1481.71,1295.66,97.80
1481.83,1295.78,97.81
1481.78,1295.74,97.79
1481.73,1295.30,97.76
1481.76,1295.28,97.78
1481.78,1295.85,97.73
1481.29,1295.31,97.68
1481.33,1295.41,97.68
1481.23,1295.58,97.67
1481.43,1295.22,97.67
1481.40,1295.27,97.65
1481.31,1295.22,97.65
1481.43,1295.21,97.67
1481.07,1295.27,97.59
1481.08,1295.26,97.60
1481.06,1295.41,97.58
1481.21,1295.08,97.57
1481.09,1295.09,97.58
1481.23,1295.36,97.55
1481.22,1295.42,97.55
1481.46,1295.10,97.50
1481.32,1295.60,97.51
1481.28,1295.88,97.50
1481.40,1295.83,97.52
1481.36,1295.90,97.49
1481.16,1295.10,97.56
1481.30,1295.09,97.54
1481.25,1295.06,97.48
1481.20,1295.31,97.49
1481.17,1295.51,97.49
1481.25,1295.83,97.46
1481.36,1295.10,97.43
1481.28,1295.30,97.85
1481.47,1295.31,97.50
1481.32,1295.23,97.47
1481.31,1295.29,97.49
1481.28,1295.19,97.49
1481.27,1295.28,97.51
1481.32,1295.42,97.41
1481.23,1295.62,97.46
1481.06,1295.54,97.46
1481.00,1295.39,97.44
1481.47,1295.59,97.43
1481.01,1295.56,97.74
1481.17,1295.66,97.45
1481.23,1295.64,97.44
1481.15,1295.65,97.41
1481.38,1295.62,97.14
1481.33,1295.58,97.16
1481.31,1295.12,97.38
1481.37,1295.00,97.38
1481.44,1295.16,97.37
1481.41,1295.18,97.37
1481.43,1295.23,97.39
1481.45,1295.17,97.35
1481.84,1295.27,97.65
1481.51,1295.23,97.69
1481.53,1295.21,97.64
1481.91,1295.13,97.61
1481.90,1295.16,97.69
1481.52,1295.17,97.62
1481.78,1295.02,97.58
1481.78,1295.04,97.58
1481.52,1295.40,97.50
1481.46,1295.40,97.50
1481.71,1295.28,97.51
1481.71,1295.31,97.52
1481.93,1295.40,97.51
1481.60,1295.41,97.50
1481.63,1295.62,97.59
1481.59,1295.58,97.61
1481.55,1295.48,97.52
1481.52,1295.42,97.49
1481.53,1295.28,97.48
1481.74,1295.76,97.57
1481.93,1295.67,97.58
1481.87,1295.13,97.46
1481.79,1295.11,97.44
1481.96,1295.39,97.45
1481.51,1295.14,97.45
1481.50,1295.18,97.47
1481.53,1295.16,97.46
1481.51,1295.16,97.46
1481.88,1295.05,97.43
1481.73,1295.43,97.41
1481.54,1295.39,97.39
1481.81,1295.80,97.41
1481.57,1295.57,97.43
1481.64,1295.65,97.42
1481.67,1295.61,97.40
1481.61,1295.65,97.40
1481.56,1295.58,97.41
1481.85,1295.60,97.40
1481.55,1295.59,97.41
1481.94,1295.50,97.40
1481.93,1295.48,97.39
1481.85,1295.61,97.37
1481.94,1295.94,97.38
1481.74,1295.90,97.35
1481.71,1295.68,97.22
1481.55,1295.10,97.39
1481.70,1295.46,97.34
1481.65,1295.41,97.27
1482.25,1295.83,98.51
1482.22,1295.82,98.52
1482.40,1295.76,98.52
1482.42,1295.78,98.53
1482.23,1295.61,98.44
1482.24,1295.62,98.44
1482.11,1295.57,98.45
1482.08,1295.57,98.45
1482.48,1295.84,98.43
1482.46,1295.83,98.43
1482.17,1295.44,98.45
1482.15,1295.43,98.44
1482.48,1295.29,98.40
1482.49,1295.29,98.40
1482.30,1295.22,98.40
1482.28,1295.22,98.40
1482.43,1295.06,98.40
1482.45,1295.07,98.39
1482.03,1295.08,98.41
1482.07,1295.09,98.40
1482.03,1295.06,98.41
1482.04,1295.08,98.41
1482.32,1295.01,98.40
1482.33,1294.99,98.40
1482.87,1295.56,98.41
1482.85,1295.55,98.41
1482.79,1295.57,98.41
1482.81,1295.58,98.41
1482.94,1295.73,98.41
1482.92,1295.73,98.41
1482.91,1295.55,98.40
1482.85,1295.71,98.39
1482.87,1295.66,98.39
1482.20,1295.65,98.43
1482.13,1295.58,98.43
1482.17,1295.56,98.43
1482.15,1295.55,98.43
1482.08,1295.67,98.40
1482.09,1295.65,98.40
1482.08,1295.61,98.40
1482.06,1295.63,98.40
1482.09,1295.62,98.40
1482.07,1295.63,98.41
1482.06,1295.65,98.40
1482.04,1295.66,98.39
1482.04,1295.61,98.39
1482.02,1295.63,98.39
1482.05,1295.63,98.39
1482.05,1295.66,98.39
1482.06,1295.61,98.39
1482.08,1295.59,98.39
1482.06,1295.60,98.39
1482.07,1295.59,98.39
1482.16,1295.58,98.40
1482.09,1295.62,98.39
1482.99,1295.31,98.36
1482.99,1295.30,98.36
1482.87,1295.22,98.37
1482.87,1295.21,98.38
1482.90,1295.24,98.38
1482.89,1295.22,98.38
1482.87,1295.20,98.37
1482.88,1295.21,98.37
1482.90,1295.20,98.37
1482.92,1295.20,98.37
1482.89,1295.21,98.37
1482.89,1295.22,98.37
1482.89,1295.19,98.37
1482.89,1295.22,98.37
1482.12,1295.99,98.38
1482.09,1295.97,98.37
1482.12,1295.44,98.25
1482.10,1295.44,98.25
1482.88,1295.77,98.23
1482.85,1295.76,98.22
1482.65,1295.09,98.17
1482.56,1295.96,98.17
1482.69,1295.45,98.12
1482.33,1295.37,97.92
1482.08,1295.57,97.81
1482.10,1295.60,97.81
1482.24,1295.53,97.62
1482.13,1295.52,97.60
1482.83,1295.40,97.63
1482.86,1295.38,97.63
1482.46,1295.38,97.64
1482.41,1295.40,97.60
1482.79,1295.42,97.55
1482.78,1295.40,97.55
1482.64,1295.75,97.58
1482.66,1295.76,97.59
1482.36,1295.82,97.52
1482.37,1295.83,97.51
1482.37,1295.85,97.52
1482.03,1295.84,97.51
1482.02,1295.84,97.51
1482.31,1295.33,97.48
1482.29,1295.32,97.46
1482.60,1295.21,97.52
1482.61,1295.11,97.53
1482.10,1295.91,97.46
1482.14,1295.90,97.46
1482.96,1295.22,97.51
1482.94,1295.27,97.52
1482.37,1295.88,97.50
1482.38,1295.96,97.52
1482.97,1295.24,97.49
1482.97,1295.13,97.48
1482.05,1295.82,97.45
1482.05,1295.81,97.44
1482.44,1295.58,97.44
1482.43,1295.56,97.44
1482.34,1295.54,97.43
1482.95,1295.72,97.54
1482.96,1295.75,97.55
1482.13,1295.02,97.39
1482.10,1295.00,97.39
1482.46,1295.95,97.39
1482.00,1295.46,97.37
1482.23,1295.62,97.39
1482.25,1295.59,97.39
1482.97,1295.63,97.50
1482.16,1295.77,97.39
1482.17,1295.76,97.38
1482.09,1295.54,97.39
1482.11,1295.60,97.40
1482.31,1295.72,97.36
1482.21,1295.82,97.36
1482.42,1295.55,97.35
1482.09,1295.90,97.43
1482.18,1295.96,97.38
1482.33,1295.42,97.38
1482.24,1295.03,97.37
1482.25,1295.03,97.38
1482.21,1295.50,97.36
1482.20,1295.51,97.35
1482.04,1295.40,97.37
1482.03,1295.39,97.38
1482.07,1295.45,97.37
1482.34,1295.18,97.38
1482.32,1295.19,97.35
1482.19,1295.35,97.35
1482.16,1295.17,97.35
1482.19,1295.22,97.34
1482.38,1295.30,97.30
1482.38,1295.32,97.30
1482.31,1295.62,97.30
1482.33,1295.68,97.32
1482.33,1295.69,97.29
1482.18,1295.45,97.30
1482.25,1295.47,97.31
1482.41,1295.65,97.28
1482.13,1295.96,97.28
1482.42,1295.25,97.26
1482.40,1295.21,97.25
1482.29,1295.42,97.28
1482.30,1295.41,97.27
1482.38,1295.31,97.26
1482.37,1295.31,97.25
1482.39,1295.28,97.26
1482.41,1295.31,97.26
1482.15,1295.72,97.23
1482.36,1295.75,97.25
1482.38,1295.71,97.23
1482.30,1295.62,97.20
1482.51,1295.54,97.39
1482.98,1295.07,97.44
1482.69,1295.09,97.41
1482.70,1295.03,97.41
1482.84,1295.90,97.44
1482.85,1295.91,97.45
1482.81,1295.65,97.44
1482.91,1295.88,97.43
1482.91,1295.50,97.44
1482.88,1295.48,97.43
1482.97,1295.89,97.40
1482.74,1295.35,97.39
1482.87,1295.31,97.38
1482.91,1295.40,97.38
1482.90,1295.38,97.38
1482.59,1295.33,97.38
1482.57,1295.30,97.38
1482.91,1295.36,97.36
1482.92,1295.37,97.36
1482.85,1295.28,97.38
1482.85,1295.30,97.38
1482.83,1295.02,97.32
1482.82,1295.04,97.32
1482.96,1295.11,97.33
1482.96,1295.11,97.33
1482.85,1295.02,97.31
1482.85,1295.04,97.30
1482.96,1295.28,97.31
1482.81,1295.25,97.38
1482.96,1295.15,97.36
1482.61,1295.70,97.37
1482.93,1295.80,97.38
1482.95,1295.83,97.38
1482.72,1295.86,97.36
1482.75,1295.87,97.36
1482.70,1295.86,97.36
1482.71,1295.86,97.36
1482.95,1295.91,97.39
1482.92,1295.93,97.39
1482.57,1295.63,97.34
1482.93,1295.80,97.24
1482.94,1295.81,97.23
1482.58,1295.43,97.18
1482.58,1295.44,97.19
1482.87,1295.42,97.71
1482.89,1295.41,97.70
1483.51,1295.41,98.47
1483.52,1295.42,98.46
1483.50,1295.42,98.45
1483.52,1295.41,98.45
1483.01,1295.39,98.48
1483.02,1295.38,98.47
1483.46,1295.69,98.48
1483.46,1295.67,98.48
1483.02,1295.54,98.40
1483.05,1295.52,98.40
1483.44,1295.89,98.40
1483.47,1295.86,98.41
1483.72,1295.43,98.34
1483.74,1295.41,98.35
1483.68,1295.21,98.33
1483.69,1295.22,98.33
1483.44,1295.36,98.36
1483.39,1295.32,98.35
1483.35,1295.31,98.36
1483.34,1295.32,98.35
1483.34,1295.30,98.36
1483.35,1295.29,98.36
1483.39,1295.29,98.36
1483.37,1295.29,98.36
1483.54,1295.87,98.40
1483.44,1295.86,98.39
1483.17,1295.57,98.39
1483.15,1295.57,98.39
1483.54,1295.68,98.37
1483.51,1295.59,98.38
1483.30,1295.78,98.38
1483.31,1295.77,98.38
1483.24,1295.53,98.38
1483.24,1295.55,98.38
1483.47,1295.62,98.38
1483.44,1295.58,98.37
1483.57,1295.53,98.37
1483.59,1295.56,98.36
1483.75,1295.64,98.33
1483.72,1295.70,98.35
1483.83,1295.51,98.32
1483.90,1295.46,98.33
1483.45,1295.26,98.34
1483.49,1295.26,98.33
1483.75,1295.24,98.33
1483.74,1295.23,98.33
1483.85,1295.14,98.30
1483.87,1295.13,98.31
1483.52,1295.25,98.32
1483.52,1295.24,98.34
1483.53,1295.20,98.33
1483.60,1295.12,98.32
1483.62,1295.07,98.32
1483.55,1295.10,98.32
1483.58,1295.09,98.33
1483.56,1295.24,98.32
1483.87,1295.18,98.32
1483.84,1295.21,98.32
1483.86,1295.22,98.31
1483.86,1295.26,98.32
1483.88,1295.12,98.30
1483.88,1295.09,98.30
1483.80,1295.15,98.30
1483.82,1295.14,98.29
1483.95,1295.28,98.35
1483.90,1295.27,98.33
1483.89,1295.09,98.28
1483.90,1295.08,98.29
1483.97,1295.13,98.29
1483.91,1295.13,98.29
1483.99,1295.25,98.29
1484.01,1295.24,98.30
1483.02,1295.19,98.29
1483.00,1295.19,98.28
1484.00,1295.10,98.29
1483.99,1295.11,98.28
1483.02,1295.94,98.24
1483.15,1295.30,98.16
1483.17,1295.28,98.16
1483.56,1295.82,98.06
1483.68,1295.07,98.04
1483.48,1295.80,97.99
1483.48,1295.76,97.99
1483.73,1295.93,97.92
1483.74,1295.92,97.93
1483.37,1295.55,97.91
1483.36,1295.54,97.91
1483.25,1295.14,97.70
1483.64,1295.48,97.68
1483.64,1295.49,97.68
1483.14,1295.10,97.69
1483.16,1295.10,97.69
1483.63,1295.40,97.61
1483.63,1295.38,97.61
1483.85,1295.23,97.63
1483.85,1295.23,97.60
1483.90,1295.48,97.59
1483.13,1295.08,97.57
1483.77,1295.89,97.56
1483.79,1295.90,97.57
1483.38,1295.40,97.50
1483.62,1295.34,97.54
1483.80,1295.92,97.52
1483.29,1295.06,97.47
1483.75,1295.10,97.45
1483.79,1295.02,97.45
1483.88,1295.36,97.47
1483.96,1295.38,97.46
1483.41,1295.70,97.48
1483.41,1295.69,97.47
1483.43,1295.67,97.47
1483.36,1295.93,97.46
1483.32,1295.89,97.45
1483.07,1295.67,97.43
1483.23,1295.66,97.43
1483.21,1295.64,97.43
1483.23,1295.69,97.42
1483.16,1295.76,97.43
1483.47,1295.88,97.47
1483.45,1295.85,97.47
1483.86,1295.59,97.49
1483.89,1295.59,97.48
1483.60,1295.55,97.46
1483.96,1295.64,97.44
1483.95,1295.64,97.44
1483.77,1295.86,97.44
1483.55,1295.83,97.42
1483.57,1295.82,97.42
1483.01,1295.24,97.41
1483.00,1295.23,97.40
1483.01,1295.21,97.40
1483.23,1294.99,97.43
1483.21,1295.00,97.42
1483.05,1295.29,97.36
1483.06,1295.31,97.35
1483.42,1295.00,97.36
1483.03,1295.08,97.35
1482.99,1295.11,97.37
1483.11,1295.07,97.32
1483.14,1295.07,97.34
1483.13,1294.96,97.32
1483.13,1295.01,97.30
1483.35,1295.22,97.33
1483.28,1295.12,97.28
1483.29,1295.14,97.29
1483.38,1295.05,97.29
1483.35,1295.04,97.29
1483.31,1295.77,97.40
1483.37,1295.80,97.39
1483.07,1295.53,97.37
1483.07,1295.96,97.38
1483.09,1295.97,97.38
1483.36,1295.85,97.36
1483.13,1295.52,97.35
1483.14,1295.54,97.36
1483.36,1295.75,97.35
1483.32,1295.54,97.33
1483.31,1295.55,97.33
1483.68,1295.29,97.36
1483.69,1295.31,97.37
1483.46,1295.63,97.33
1483.47,1295.63,97.34
1483.78,1295.42,97.35
1483.78,1295.34,97.34
1483.73,1295.59,97.34
1483.70,1295.61,97.35
1483.74,1295.66,97.33
1483.77,1295.70,97.34
1483.71,1295.72,97.32
1483.74,1295.68,97.32
1483.72,1295.39,97.34
1483.54,1295.55,97.37
1483.56,1295.80,97.35
1483.38,1295.89,97.38
1483.72,1295.84,97.32
1483.72,1295.83,97.32
1483.80,1295.84,97.32
1483.82,1295.85,97.31
1483.86,1295.82,97.31
1483.51,1295.57,97.32
1483.79,1295.57,97.31
1483.94,1295.84,97.32
1483.91,1295.83,97.31
1483.57,1295.49,97.33
1483.62,1295.52,97.33
1483.94,1295.83,97.32
1483.93,1295.82,97.32
1483.77,1295.50,97.29
1483.65,1295.81,97.30
1483.62,1295.95,97.31
1483.63,1295.95,97.32
1483.75,1295.62,97.29
1483.57,1295.56,97.29
1483.59,1295.57,97.29
1483.61,1295.96,97.32
1483.65,1295.96,97.31
1483.63,1295.96,97.31
1483.63,1295.96,97.31
1483.61,1295.96,97.32
1483.94,1295.91,97.31
1483.95,1295.95,97.30
1483.39,1295.96,97.32
1483.39,1295.92,97.32
1483.76,1295.97,97.31
1483.60,1295.67,97.30
1483.66,1295.65,97.31
1483.76,1295.72,97.27
1483.71,1295.77,97.31
1483.36,1295.93,97.27
1483.53,1295.35,97.24
1483.54,1295.37,97.25
1483.57,1295.05,97.24
1483.95,1295.68,97.26
1483.93,1295.70,97.25
1483.05,1295.20,97.22
1483.04,1295.18,97.21
1483.19,1295.44,97.19
1483.20,1295.46,97.19
1483.22,1295.86,97.20
1483.53,1295.41,97.21
1483.51,1295.42,97.19
1483.97,1295.47,97.19
1483.97,1295.47,97.19
1483.90,1295.82,97.24
1483.90,1295.79,97.24
1483.74,1295.77,97.22
1483.73,1295.78,97.22
1483.75,1295.80,97.24
1483.98,1295.97,97.24
1483.98,1295.97,97.26
1483.90,1295.58,97.15
1483.86,1295.53,97.19
1483.85,1295.92,97.29
1483.73,1295.95,97.20
1483.02,1295.20,97.19
1483.00,1295.20,97.18
1483.00,1295.17,97.18
1483.02,1295.18,97.19
1483.02,1295.21,97.17
1483.01,1295.19,97.18
1483.88,1295.43,97.18
1483.87,1295.44,97.19
1483.67,1295.28,97.19
1483.67,1295.27,97.18
1483.41,1295.42,97.13
1483.40,1295.43,97.13
1483.21,1295.70,97.09
1483.19,1295.72,97.11
1483.46,1295.57,97.12
1483.46,1295.57,97.13
1483.97,1295.71,97.11
1483.95,1295.73,97.11
1483.95,1295.60,97.11
1483.94,1295.61,97.12
1484.04,1295.31,98.72
1484.00,1295.34,98.70
1484.91,1295.41,98.72
1485.05,1295.37,98.73
1484.11,1295.02,98.67
1484.12,1295.02,98.67
1484.21,1295.82,98.64
1484.69,1295.86,98.34
1484.71,1295.85,98.34
1484.74,1295.33,98.37
1484.73,1295.35,98.36
1484.99,1295.92,98.31
1484.98,1295.91,98.31
1484.02,1295.16,98.31
1484.04,1295.16,98.32
1484.07,1295.17,98.30
1484.07,1295.19,98.29
1484.00,1295.18,98.30
1484.01,1295.20,98.30
1484.13,1295.28,98.30
1484.12,1295.30,98.29
1484.01,1295.10,98.30
1484.02,1295.09,98.30
1484.04,1295.31,98.29
1484.07,1295.31,98.30
1484.98,1295.90,98.31
1484.98,1295.91,98.31
1484.00,1295.37,98.31
1484.01,1295.36,98.31
1484.05,1295.38,98.30
1484.05,1295.40,98.30
1484.02,1295.40,98.31
1484.06,1295.36,98.32
1484.07,1295.46,98.31
1484.08,1295.45,98.32
1484.21,1295.13,98.30
1484.20,1295.14,98.29
1484.25,1295.17,98.30
1484.26,1295.17,98.30
1484.53,1295.92,98.30
1484.54,1295.91,98.30
1484.57,1295.77,98.30
1484.59,1295.78,98.29
1484.68,1295.28,98.32
1484.68,1295.25,98.32
1484.97,1295.24,98.34
1484.98,1295.24,98.34
1484.98,1295.26,98.34
1484.97,1295.27,98.34
1484.09,1295.43,98.30
1484.09,1295.45,98.29
1484.08,1295.48,98.32
1484.09,1295.51,98.32
1484.17,1295.80,98.34
1484.42,1295.95,98.32
1484.43,1295.94,98.32
1484.49,1295.91,98.30
1484.48,1295.93,98.29
1484.32,1295.81,98.30
1484.30,1295.78,98.31
1484.13,1295.83,98.32
1484.13,1295.84,98.32
1484.09,1295.24,98.32
1484.07,1295.23,98.33
1484.10,1295.66,98.32
1484.10,1295.70,98.31
1484.27,1295.20,98.28
1484.27,1295.19,98.29
1484.20,1295.29,98.28
1484.19,1295.25,98.27
1484.19,1295.23,98.27
1484.20,1295.35,98.28
1484.19,1295.33,98.27
1484.42,1295.32,98.26
1484.41,1295.30,98.26
1484.40,1295.30,98.26
1484.25,1295.12,98.25
1484.25,1295.15,98.26
1484.21,1295.20,98.26
1484.21,1295.22,98.26
1484.46,1295.30,98.26
1484.45,1295.31,98.25
1484.26,1295.42,98.28
1484.27,1295.46,98.28
1484.14,1295.47,98.29
1484.11,1295.47,98.29
1484.13,1295.46,98.29
1484.15,1295.47,98.29
1484.13,1295.43,98.28
1484.14,1295.45,98.28
1484.46,1295.60,98.27
1484.50,1295.57,98.28
1484.30,1295.58,98.28
1484.26,1295.53,98.27
1484.26,1295.46,98.29
1484.27,1295.48,98.29
1484.41,1295.53,98.28
1484.42,1295.54,98.27
1484.01,1295.03,98.28
1484.20,1295.50,98.28
1484.21,1295.51,98.29
1484.29,1295.65,98.29
1484.29,1295.61,98.28
1484.33,1295.64,98.29
1484.28,1295.61,98.28
1484.31,1295.59,98.28
1484.33,1295.60,98.28
1484.35,1295.59,98.28
1484.35,1295.57,98.28
1484.36,1295.52,98.28
1484.34,1295.55,98.28
1484.31,1295.56,98.28
1484.33,1295.55,98.28
1484.42,1295.47,98.27
1484.20,1295.59,98.29
1484.25,1295.59,98.29
1484.28,1295.49,98.32
1484.14,1295.46,98.29
1484.21,1295.40,98.28
1484.16,1295.41,98.28
1484.39,1295.54,98.27
1484.37,1295.53,98.27
1484.49,1295.37,98.27
1484.39,1295.42,98.26
1484.33,1295.33,98.25
1484.34,1295.31,98.25
1484.49,1295.44,98.25
1484.47,1295.43,98.26
1484.29,1295.15,98.26
1484.30,1295.17,98.24
1484.41,1295.10,98.25
1484.40,1295.13,98.24
1484.41,1295.12,98.25
1484.53,1295.51,98.26
1484.55,1295.50,98.27
1484.54,1295.59,98.28
1484.52,1295.62,98.27
1484.58,1295.72,98.27
1484.57,1295.69,98.28
1484.73,1295.89,98.28
1484.68,1295.87,98.29
1484.21,1295.93,98.30
1484.21,1295.96,98.30
1484.93,1295.76,98.27
1484.93,1295.28,98.26
1484.94,1295.27,98.26
1484.93,1295.83,98.28
1484.91,1295.84,98.28
1484.96,1295.86,98.28
1484.97,1295.88,98.28
1484.94,1295.82,98.27
1484.95,1295.81,98.27
1484.95,1295.82,98.27
1484.98,1295.83,98.27
1484.71,1295.58,98.25
1484.73,1295.58,98.25
1484.87,1295.20,98.29
1484.86,1295.20,98.29
1484.71,1295.39,98.28
1484.70,1295.40,98.27
1484.93,1295.36,98.27
1484.92,1295.36,98.27
1484.94,1295.86,98.27
1484.87,1295.52,98.26
1484.87,1295.50,98.26
1484.56,1295.34,98.26
1484.54,1295.35,98.25
1484.95,1295.36,98.27
1484.97,1295.34,98.27
1484.56,1295.43,98.25
1484.51,1295.44,98.25
1484.68,1295.41,98.25
1484.70,1295.42,98.25
1484.99,1295.41,98.26
1484.99,1295.39,98.26
1484.91,1295.08,98.27
1484.93,1295.13,98.24
1484.63,1295.49,98.25
1484.64,1295.51,98.25
1484.64,1295.40,98.24
1484.63,1295.42,98.24
1484.95,1295.50,98.25
1485.00,1295.52,98.26
1484.70,1295.41,98.25
1484.71,1295.42,98.25
1484.97,1295.57,98.25
1484.96,1295.57,98.25
1484.90,1295.50,98.25
1484.92,1295.46,98.26
1484.71,1295.40,98.25
1484.72,1295.40,98.25
1484.88,1295.50,98.25
1484.91,1295.51,98.25
1484.94,1295.50,98.25
1484.96,1295.47,98.26
1484.53,1295.27,98.24
1484.55,1295.25,98.24
1484.59,1295.15,98.23
1484.61,1295.11,98.24
1484.59,1295.07,98.23
1484.59,1295.06,98.24
1484.66,1295.09,98.24
1484.64,1295.12,98.24
1484.68,1295.10,98.25
1484.69,1295.08,98.23
1484.71,1295.10,98.24
1484.83,1295.09,98.25
1484.84,1295.11,98.25
1484.79,1295.18,98.24
1484.56,1295.03,98.22
1484.57,1295.01,98.22
1484.61,1295.06,98.23
1484.64,1295.01,98.23
1484.77,1295.04,98.24
1484.79,1295.03,98.23
1484.81,1295.03,98.23
1484.73,1295.10,98.24
1484.66,1295.03,98.22
1484.69,1295.03,98.22
1484.70,1295.03,98.22
1484.69,1295.02,98.22
1484.56,1295.10,98.22
1484.61,1295.47,98.24
1484.64,1295.48,98.25
1484.61,1295.34,98.24
1484.61,1295.34,98.23
1484.66,1295.01,98.22
1484.52,1295.22,98.23
1484.49,1295.22,98.24
1484.65,1295.00,98.22
1484.74,1295.07,98.23
1484.76,1295.06,98.23
1484.60,1295.17,98.23
1484.59,1295.14,98.23
1484.53,1295.05,98.22
1484.54,1295.06,98.22
1484.06,1295.58,98.15
1484.13,1295.60,98.14
1484.93,1295.57,98.18
1484.92,1295.58,98.18
1484.65,1295.97,98.16
1484.53,1295.86,98.16
1484.54,1295.61,98.12
1484.54,1295.65,98.13
1484.14,1295.74,98.07
1484.10,1295.77,98.08
1484.62,1295.35,98.08
1484.85,1295.07,97.98
1484.88,1295.08,97.98
1484.58,1295.19,97.95
1484.56,1295.19,97.95
1484.40,1295.52,97.93
1484.40,1295.53,97.93
1484.40,1295.52,97.92
1484.77,1295.86,97.90
1484.80,1295.86,97.90
1484.50,1295.06,97.73
1484.58,1295.89,97.71
1484.59,1295.89,97.70
1484.16,1295.92,97.63
1484.36,1295.10,97.63
1484.46,1295.03,97.62
1484.36,1295.16,97.60
1484.35,1295.20,97.62
1484.42,1295.31,97.61
1484.41,1295.28,97.61
1484.34,1295.54,97.61
1484.03,1295.68,97.62
1484.01,1295.85,97.60
1484.61,1295.45,97.61
1484.91,1295.37,97.60
1484.94,1295.38,97.62
1484.69,1295.02,97.60
1484.71,1295.00,97.60
1484.98,1295.71,97.60
1484.48,1295.28,97.53
1483.93,1295.25,97.59
1484.00,1295.35,97.56
1484.17,1295.09,97.52
1484.00,1295.28,97.55
1484.01,1295.36,97.52
1484.67,1295.23,97.52
1484.65,1295.24,97.53
1484.67,1295.27,97.51
1484.68,1295.25,97.51
1484.87,1295.33,97.53
1484.90,1295.44,97.53
1484.60,1295.35,97.51
1484.51,1295.31,97.51
1484.51,1295.33,97.52
1484.51,1295.01,97.49
1484.50,1295.02,97.49
1484.50,1295.91,97.48
1484.51,1295.89,97.48
1484.53,1295.89,97.47
1484.52,1295.89,97.47
1484.76,1295.82,97.49
1484.83,1295.65,97.47
1484.28,1295.25,97.41
1484.28,1295.27,97.41
1484.20,1295.46,97.42
1484.19,1295.45,97.41
1484.95,1295.39,97.42
1484.93,1295.39,97.43
1484.50,1295.19,97.40
1484.97,1295.38,97.40
1484.60,1295.57,97.45
1484.57,1295.58,97.42
1484.82,1295.04,97.40
1484.80,1295.02,97.40
1484.66,1295.39,97.38
1484.64,1295.37,97.38
1484.81,1295.32,97.36
1484.21,1295.35,97.36
1484.17,1295.08,97.36
1484.17,1295.37,97.35
1484.17,1295.36,97.35
1484.37,1295.34,97.34
1484.13,1295.05,97.35
1484.97,1295.69,97.38
1484.80,1295.73,97.35
1484.35,1295.52,97.34
1484.28,1295.65,97.34
1484.78,1295.12,97.34
1484.59,1295.32,97.35
1484.76,1295.45,97.40
1484.78,1295.40,97.38
1484.71,1295.13,97.34
1484.65,1295.41,97.34
1484.72,1295.17,97.34
1484.67,1295.25,97.34
1484.61,1295.26,97.35
1484.93,1295.23,97.33
1484.93,1295.23,97.33
1484.86,1295.22,97.34
1484.86,1295.21,97.33
1484.67,1295.29,97.34
1484.65,1295.34,97.31
1484.68,1295.38,97.32
1484.69,1295.45,97.34
1484.04,1295.10,97.35
1484.02,1295.58,97.34
1484.05,1295.59,97.34
1484.04,1295.75,97.33
1484.05,1295.78,97.34
1484.10,1295.81,97.32
1484.08,1295.81,97.33
1484.01,1295.80,97.32
1484.08,1295.87,97.31
1484.86,1295.70,97.25
1484.79,1295.74,97.24
1484.47,1295.86,97.26
1484.42,1295.52,97.25
1484.40,1295.63,97.25
1484.35,1295.74,97.24
1484.07,1295.92,97.24
1484.09,1295.91,97.23
1484.16,1295.32,97.25
1484.15,1295.30,97.25
1484.19,1295.33,97.24
1484.19,1295.31,97.23
1484.46,1295.32,97.21
1484.46,1295.33,97.22
1484.16,1295.40,97.20
1484.17,1295.37,97.21
1484.37,1295.26,97.16
1484.32,1295.23,97.12
1484.02,1295.44,97.11
1484.98,1295.04,97.12
1484.97,1295.05,97.14
1484.95,1295.81,97.12
1484.97,1295.82,97.11
1485.68,1294.77,98.65
1485.97,1294.58,98.47
1486.01,1294.55,98.47
1485.93,1294.62,98.45
1485.27,1294.64,98.45
1485.48,1294.86,98.26
1485.21,1294.92,98.24
1485.27,1294.90,98.25
1486.02,1294.80,98.25
1485.99,1294.82,98.24
1485.91,1294.69,98.24
1485.91,1294.69,98.24
1485.97,1294.71,98.24
1485.96,1294.72,98.24
1485.71,1294.91,98.23
1485.96,1294.73,98.24
1485.96,1294.75,98.22
1485.96,1294.75,98.22
1485.79,1294.94,98.23
1485.78,1294.94,98.23
1485.87,1294.61,98.21
1485.87,1294.60,98.21
1485.85,1294.61,98.21
1485.76,1294.63,98.21
1485.77,1294.62,98.21
1485.85,1294.87,98.21
1485.85,1294.87,98.21
1485.83,1294.67,98.21
1485.85,1294.68,98.21
1485.98,1294.68,98.19
1485.96,1294.68,98.19
1485.95,1294.73,98.19
1485.93,1294.73,98.19
1485.42,1294.61,98.25
1485.35,1294.68,98.22
1485.20,1294.60,98.21
1485.19,1294.58,98.19
1485.23,1294.60,98.20
1485.21,1294.60,98.20
1485.15,1294.59,98.19
1485.17,1294.61,98.19
1485.18,1294.61,98.19
1485.18,1294.61,98.19
1485.28,1294.68,98.20
1485.29,1294.69,98.20
1485.34,1294.76,98.21
1485.34,1294.76,98.21
1485.50,1294.74,98.23
1485.49,1294.73,98.23
1485.16,1294.69,98.21
1485.15,1294.69,98.21
1485.08,1294.73,98.22
1485.09,1294.75,98.22
1485.06,1294.83,98.22
1485.05,1294.82,98.22
1485.18,1294.61,98.19
1485.17,1294.61,98.19
1485.50,1294.88,98.21
1485.50,1294.87,98.21
1485.33,1294.79,98.21
1485.32,1294.78,98.21
1485.19,1294.79,98.20
1485.15,1294.79,98.21
1485.14,1294.79,98.21
1485.08,1294.87,98.22
1485.06,1294.86,98.22
1485.18,1294.79,98.21
1485.18,1294.80,98.20
1485.01,1294.73,98.21
1485.01,1294.73,98.21
1485.16,1294.80,98.21
1485.15,1294.79,98.21
1485.13,1294.83,98.22
1485.16,1294.81,98.21
1485.15,1294.82,98.21
1485.15,1294.83,98.21
1485.04,1294.83,98.22
1485.05,1294.84,98.22
1485.03,1294.73,98.21
1485.04,1294.82,98.21
1485.04,1294.82,98.21
1485.69,1294.91,98.21
1485.70,1294.63,98.21
1485.71,1294.64,98.21
1485.46,1294.62,98.18
1485.46,1294.61,98.18
1485.02,1294.68,98.18
1485.02,1294.67,98.17
1485.01,1294.70,98.17
1485.00,1294.89,98.16
1485.00,1294.89,98.17
1485.73,1294.64,98.19
1485.72,1294.63,98.19
1485.57,1294.59,98.19
1485.56,1294.61,98.20
1485.53,1294.55,98.19
1485.53,1294.55,98.19
1485.53,1294.62,98.20
1485.54,1294.62,98.20
1485.54,1294.60,98.19
1485.54,1294.62,98.20
1485.71,1294.68,98.19
1485.71,1294.64,98.19
1485.63,1294.56,98.18
1485.52,1294.61,98.18
1485.52,1294.63,98.19
1485.93,1294.90,98.18
1485.92,1294.94,98.18
1485.49,1294.55,98.17
1485.48,1294.56,98.18
1485.50,1294.58,98.18
1485.50,1294.55,98.18
1485.80,1294.55,98.17
1485.81,1294.54,98.17
1485.82,1294.88,98.17
1485.83,1294.89,98.17
1485.84,1294.80,98.12
1485.77,1294.69,98.12
1485.30,1294.62,98.10
1485.31,1294.67,98.14
1485.26,1294.70,98.13
1485.24,1294.68,98.12
1485.98,1294.78,98.05
1485.96,1294.75,98.05
1485.41,1294.70,98.13
1485.42,1294.69,98.13
1485.60,1294.89,97.98
1485.59,1294.89,97.98
1485.99,1294.93,97.77
1486.02,1294.91,97.76
1485.08,1294.84,97.64
1485.29,1294.94,97.62
1485.42,1294.98,97.41
1485.43,1294.97,97.41
1485.93,1294.61,97.44
1485.94,1294.61,97.42
1485.09,1294.98,97.45
1485.08,1294.99,97.40
1485.00,1294.66,97.36
1485.05,1294.72,97.34
1485.97,1294.67,97.39
1485.57,1294.91,97.32
1485.56,1294.93,97.32
1485.56,1294.72,97.34
1485.54,1294.71,97.34
1485.86,1294.75,97.33
1485.88,1294.75,97.35
1485.82,1295.04,97.34
1485.90,1294.98,97.33
1485.20,1294.83,97.34
1485.20,1294.80,97.33
1485.45,1294.98,97.33
1485.44,1294.96,97.33
1485.07,1294.93,97.30
1485.11,1294.93,97.30
1485.41,1294.96,97.28
1485.46,1294.82,97.32
1485.11,1294.59,97.27
1485.15,1294.59,97.26
1485.97,1294.77,97.30
1485.92,1294.74,97.31
1485.55,1294.90,97.33
1485.49,1294.94,97.30
1485.42,1294.86,97.30
1485.52,1294.92,97.31
1485.40,1294.62,97.27
1485.38,1294.65,97.26
1486.90,1294.68,98.57
1486.91,1294.68,98.57
1486.70,1294.91,98.55
1486.70,1294.91,98.56
1486.95,1294.87,98.50
1486.95,1294.83,98.50
1486.62,1294.66,98.51
1486.81,1294.88,98.39
1486.82,1294.86,98.37
1486.28,1294.73,98.27
1486.27,1294.73,98.27
1486.30,1294.83,98.25
1486.32,1294.83,98.26
1486.43,1294.63,98.27
1486.43,1294.62,98.27
1486.33,1294.70,98.25
1486.34,1294.72,98.24
1486.36,1294.72,98.24
1486.34,1294.73,98.24
1486.12,1294.71,98.24
1486.14,1294.71,98.24
1486.76,1294.65,98.25
1486.76,1294.67,98.26
1486.42,1294.85,98.23
1486.43,1294.83,98.23
1486.50,1294.59,98.24
1486.49,1294.60,98.24
1486.48,1294.61,98.25
1486.48,1294.60,98.25
1486.49,1294.61,98.25
1486.09,1294.75,98.23
1486.10,1294.74,98.23
1486.27,1294.94,98.25
1486.28,1294.93,98.24
1486.18,1294.86,98.23
1486.18,1294.87,98.23
1486.51,1294.94,98.21
1486.53,1294.94,98.20
1486.55,1294.99,98.22
1486.55,1294.98,98.21
1486.49,1294.62,98.24
1486.49,1294.61,98.24
1486.50,1294.60,98.24
1486.50,1294.60,98.24
1486.51,1294.61,98.23
1486.49,1294.61,98.24
1486.48,1294.60,98.24
1486.47,1294.59,98.24
1486.05,1294.77,98.24
1486.04,1294.77,98.24
1486.10,1294.93,98.25
1486.11,1294.93,98.24
1486.48,1294.58,98.23
1486.47,1294.59,98.24
1486.48,1294.60,98.24
1486.49,1294.58,98.23
1486.50,1294.60,98.24
1486.49,1294.61,98.24
1486.49,1294.61,98.24
1486.10,1294.82,98.23
1486.01,1294.83,98.24
1486.01,1294.84,98.25
1486.50,1294.62,98.23
1486.14,1294.74,98.20
1486.13,1294.74,98.22
1486.24,1294.82,98.22
1486.23,1294.82,98.23
1486.11,1294.59,98.21
1486.09,1294.61,98.23
1486.02,1294.53,98.22
1486.02,1294.53,98.22
1486.02,1294.78,98.21
1486.05,1294.78,98.21
1486.17,1294.75,98.18
1486.10,1294.88,98.24
1486.10,1294.87,98.21
1486.18,1294.75,98.17
1486.17,1294.74,98.18
1486.41,1294.92,98.22
1486.43,1294.92,98.22
1486.39,1294.96,98.21
1486.29,1294.88,98.20
1486.33,1294.92,98.21
1486.04,1294.87,98.18
1486.04,1294.85,98.18
1486.24,1294.95,98.18
1486.24,1294.96,98.18
1486.13,1294.75,98.16
1486.13,1294.73,98.15
1486.18,1294.86,98.15
1486.18,1294.87,98.15
1486.86,1294.71,98.16
1486.86,1294.72,98.16
1486.25,1294.80,98.11
1486.25,1294.79,98.09
1486.21,1294.79,98.13
1486.15,1294.86,98.11
1486.21,1294.76,98.06
1486.07,1294.54,98.05
1486.44,1294.77,98.05
1486.47,1294.73,98.05
1486.42,1294.72,98.04
1486.40,1294.85,98.05
1486.28,1294.81,98.04
1486.37,1294.71,97.96
1486.27,1294.71,97.97
1486.68,1294.68,97.96
1486.34,1294.97,97.89
1486.42,1294.57,97.87
1486.13,1294.69,97.86
1486.86,1294.92,97.70
1486.85,1294.94,97.70
1486.21,1294.94,97.53
1486.82,1294.68,97.47
1486.82,1294.66,97.48
1486.22,1295.00,97.43
1486.22,1294.99,97.42
1486.31,1294.68,97.37
1486.30,1294.69,97.37
1486.53,1294.66,97.37
1486.52,1294.68,97.39
1486.55,1294.88,97.37
1486.57,1294.89,97.37
1486.32,1294.71,97.34
1486.35,1294.70,97.33
1486.46,1294.99,97.33
1486.45,1294.96,97.34
1486.11,1294.91,97.33
1486.11,1294.96,97.33
1486.10,1294.97,97.33
1486.29,1294.64,97.31
1486.27,1294.65,97.33
1486.22,1294.98,97.32
1486.21,1294.91,97.30
1486.94,1294.94,97.32
1486.90,1294.93,97.32
1486.53,1294.99,97.32
1486.56,1294.92,97.33
1486.22,1295.16,97.34
1486.21,1294.99,97.34
1486.93,1294.98,97.26
1486.93,1294.99,97.26
1486.92,1294.80,97.25
1486.91,1294.78,97.27
1486.61,1294.86,97.22
1486.63,1294.85,97.21
1486.73,1294.78,97.22
1486.72,1294.77,97.22
1486.90,1294.81,97.22
1486.88,1294.80,97.21
1486.14,1294.71,97.19
1486.14,1294.71,97.18
1486.04,1294.75,97.10
1486.04,1294.77,97.09
1486.06,1294.76,97.10
1486.06,1294.78,97.10
1487.33,1294.94,98.24
1487.36,1294.92,98.25
1487.38,1294.90,98.23
1487.34,1294.93,98.22
1487.68,1294.71,97.99
1487.61,1294.80,97.99
1487.41,1294.90,98.00
1487.45,1294.71,97.99
1487.08,1294.83,97.81
1487.74,1294.58,97.74
1487.64,1294.72,97.75
1487.96,1294.59,97.67
1488.01,1294.66,97.68
1487.49,1294.65,97.52
1487.47,1294.69,97.56
1487.45,1294.69,97.53
1487.58,1294.84,97.51
1487.19,1294.66,97.48
1487.52,1294.84,97.45
1487.56,1294.88,97.47
1487.22,1294.78,97.43
1487.21,1294.76,97.43
1487.92,1294.96,97.39
1487.92,1294.99,97.40
1487.93,1294.98,97.38
1487.93,1294.95,97.38
1487.81,1294.72,97.30
1487.74,1294.66,97.29
1487.24,1294.86,97.37
1487.22,1294.87,97.37
1487.26,1294.80,97.37
1487.20,1294.94,97.35
1487.25,1294.91,97.36
1487.25,1294.64,97.29
1487.36,1294.64,97.28
1487.35,1294.63,97.13
1487.36,1294.70,97.10
1487.24,1294.95,97.11
1488.87,1294.71,97.25
1485.46,1295.18,98.68
1485.14,1295.90,98.68
1485.16,1295.91,98.70
1485.47,1295.70,98.63
1485.51,1295.72,98.63
1485.86,1295.31,98.65
1485.89,1295.26,98.64
1485.89,1295.27,98.64
1485.88,1295.27,98.64
1485.66,1295.84,98.56
1485.77,1295.67,98.57
1485.93,1295.63,98.52
1485.22,1295.34,98.34
1485.80,1295.34,98.36
1485.97,1295.45,98.35
1485.43,1295.80,98.35
1485.41,1295.77,98.30
1485.26,1295.91,98.29
1485.19,1295.94,98.29
1485.20,1295.93,98.30
1485.19,1295.96,98.30
1485.22,1295.67,98.33
1485.16,1295.51,98.30
1485.21,1295.59,98.30
1485.15,1295.53,98.30
1485.19,1295.24,98.31
1485.17,1295.24,98.31
1485.91,1295.05,98.30
1485.91,1295.04,98.30
1485.91,1295.12,98.30
1485.93,1295.12,98.31
1485.83,1295.43,98.31
1485.85,1295.43,98.31
1485.87,1295.62,98.33
1485.89,1295.91,98.34
1485.90,1295.92,98.34
1485.88,1295.16,98.24
1485.51,1295.42,98.23
1485.89,1295.35,98.23
1485.89,1295.24,98.25
1485.69,1295.71,98.27
1485.66,1295.70,98.25
1485.68,1295.73,98.26
1485.70,1295.73,98.26
1485.95,1295.83,98.27
1485.94,1295.81,98.27
1485.82,1295.77,98.26
1485.85,1295.79,98.27
1485.66,1295.71,98.23
1485.68,1295.72,98.23
1485.65,1295.69,98.25
1485.67,1295.70,98.25
1485.56,1295.54,98.25
1485.57,1295.52,98.25
1485.60,1295.60,98.25
1485.60,1295.61,98.24
1485.55,1295.68,98.24
1485.60,1295.65,98.24
1485.54,1295.63,98.24
1485.54,1295.61,98.25
1485.69,1295.72,98.25
1485.70,1295.71,98.26
1485.71,1295.73,98.25
1485.72,1295.77,98.25
1485.85,1295.71,98.25
1485.82,1295.71,98.25
1485.80,1295.59,98.24
1485.84,1295.56,98.25
1485.79,1295.48,98.25
1485.76,1295.48,98.24
1485.56,1295.67,98.14
1485.83,1295.56,98.25
1485.19,1295.15,98.25
1485.16,1295.14,98.25
1485.19,1295.16,98.24
1485.22,1295.22,98.24
1485.11,1295.72,98.27
1485.13,1295.71,98.28
1485.17,1295.92,98.29
1485.15,1295.94,98.28
1485.32,1295.71,98.26
1485.33,1295.73,98.26
1485.02,1295.67,98.27
1485.01,1295.69,98.27
1485.48,1295.50,98.24
1485.50,1295.50,98.25
1485.54,1295.54,98.25
1485.53,1295.52,98.25
1485.45,1295.55,98.25
1485.44,1295.52,98.25
1485.47,1295.58,98.22
1485.50,1295.57,98.23
1485.49,1295.59,98.25
1485.51,1295.58,98.25
1485.16,1295.60,98.25
1485.18,1295.61,98.26
1485.17,1295.63,98.26
1485.15,1295.62,98.26
1485.10,1295.53,98.25
1485.12,1295.52,98.25
1485.06,1295.50,98.25
1485.02,1295.49,98.25
1485.04,1295.64,98.26
1485.03,1295.66,98.26
1485.03,1295.52,98.25
1485.01,1295.52,98.25
1485.08,1295.57,98.24
1485.09,1295.58,98.25
1485.12,1295.56,98.25
1485.09,1295.58,98.25
1485.02,1295.63,98.26
1485.05,1295.63,98.26
1485.01,1295.62,98.26
1485.03,1295.62,98.26
1485.04,1295.67,98.26
1485.04,1295.66,98.26
1485.04,1295.69,98.25
1485.06,1295.68,98.26
1485.02,1295.73,98.26
1485.02,1295.71,98.26
1485.02,1295.69,98.25
1485.04,1295.68,98.26
1485.05,1295.71,98.26
1485.02,1295.72,98.25
1485.00,1295.67,98.26
1485.06,1295.54,98.25
1485.04,1295.55,98.24
1485.04,1295.55,98.24
1485.05,1295.57,98.24
1485.35,1295.59,98.21
1485.34,1295.65,98.21
1485.02,1295.44,98.24
1485.17,1295.07,98.23
1485.17,1295.07,98.23
1485.17,1295.11,98.23
1485.16,1295.10,98.23
1485.34,1295.26,98.23
1485.34,1295.24,98.23
1485.39,1295.45,98.24
1485.39,1295.46,98.24
1485.82,1295.51,98.24
1485.84,1295.52,98.24
1485.69,1295.04,98.24
1485.69,1295.07,98.24
1485.77,1295.24,98.23
1485.74,1295.22,98.23
1485.91,1295.10,98.23
1485.90,1295.12,98.23
1485.94,1295.07,98.23
1485.92,1295.06,98.23
1485.94,1295.08,98.23
1485.95,1295.08,98.23
1485.99,1295.21,98.21
1486.00,1295.22,98.21
1485.45,1295.02,98.19
1485.41,1295.29,98.18
1485.42,1295.30,98.18
1485.21,1295.02,98.16
1485.28,1295.19,98.14
1485.42,1295.31,98.09
1485.09,1295.49,98.18
1485.10,1295.48,98.18
1485.81,1295.70,98.17
1485.15,1295.90,98.09
1485.97,1295.84,97.96
1485.76,1295.39,97.93
1485.78,1295.36,97.93
1485.47,1295.87,97.93
1485.46,1295.86,97.91
1485.14,1295.65,97.90
1485.69,1295.92,97.83
1485.69,1295.84,97.80
1485.09,1295.37,97.76
1485.04,1295.14,97.72
1485.03,1295.14,97.71
1485.26,1295.88,97.73
1485.23,1295.35,97.62
1485.22,1295.36,97.62
1485.27,1295.21,97.62
1485.28,1295.20,97.62
1485.92,1295.09,97.65
1485.66,1295.45,97.61
1485.73,1295.41,97.60
1485.79,1295.79,97.61
1485.83,1295.88,97.60
1485.83,1295.90,97.59
1485.17,1295.21,97.59
1485.18,1295.19,97.58
1485.81,1295.08,97.57
1485.01,1295.16,97.56
1485.02,1295.17,97.56
1485.53,1295.57,97.60
1485.59,1295.52,97.59
1485.60,1295.53,97.56
1485.62,1295.51,97.56
1485.37,1295.56,97.53
1485.37,1295.54,97.52
1485.15,1295.56,97.54
1485.09,1295.64,97.56
1485.29,1295.69,97.51
1485.30,1295.67,97.50
1485.44,1295.55,97.50
1485.42,1295.55,97.50
1485.95,1295.96,97.55
1485.99,1295.57,97.51
1485.99,1295.56,97.51
1485.58,1295.86,97.52
1485.59,1295.88,97.50
1485.35,1295.48,97.44
1485.33,1295.44,97.44
1485.15,1295.67,97.47
1485.38,1295.79,97.48
1485.35,1295.83,97.50
1485.47,1295.94,97.48
1485.48,1295.89,97.48
1485.61,1295.91,97.39
1485.07,1295.59,97.43
1485.10,1295.55,97.43
1485.72,1295.03,97.34
1485.69,1295.03,97.35
1485.80,1295.08,97.39
1485.80,1295.07,97.37
1485.87,1295.26,97.38
1485.88,1295.27,97.38
1485.69,1295.40,97.35
1485.27,1295.18,97.39
1485.40,1295.44,97.37
1485.31,1295.54,97.35
1485.13,1295.63,97.38
1485.16,1295.62,97.37
1485.16,1295.60,97.37
1485.18,1295.62,97.38
1485.27,1295.54,97.35
1485.27,1295.61,97.36
1485.19,1295.61,97.36
1485.22,1295.63,97.35
1485.16,1295.66,97.37
1485.30,1295.71,97.34
1485.26,1295.70,97.34
1485.07,1295.67,97.37
1485.10,1295.66,97.38
1485.11,1295.73,97.35
1485.05,1295.66,97.37
1485.02,1295.64,97.36
1485.02,1295.78,97.40
1485.04,1295.79,97.39
1485.12,1295.84,97.34
1485.11,1295.87,97.34
1485.01,1295.82,97.37
1485.03,1295.91,97.37
1485.02,1295.84,97.34
1485.02,1295.87,97.35
1485.10,1295.93,97.35
1485.10,1295.95,97.36
1485.03,1295.96,97.35
1485.21,1295.98,97.36
1485.48,1295.68,97.38
1485.38,1295.63,97.34
1485.48,1295.92,97.36
1485.41,1295.92,97.35
1485.56,1295.72,97.34
1485.56,1295.68,97.33
1485.74,1295.62,97.36
1485.78,1295.69,97.36
1485.65,1295.89,97.37
1485.62,1295.86,97.38
1485.60,1295.64,97.35
1485.76,1295.58,97.34
1485.58,1295.96,97.36
1485.57,1295.98,97.36
1485.82,1295.03,97.31
1485.63,1295.21,97.31
1485.64,1295.23,97.30
1485.15,1295.23,97.33
1485.20,1295.27,97.35
1485.10,1295.23,97.34
1485.11,1295.22,97.33
1485.24,1295.18,97.32
1485.22,1295.18,97.33
1484.97,1295.22,97.36
1485.06,1295.28,97.35
1485.34,1295.35,97.35
1485.43,1295.36,97.31
1485.44,1295.39,97.31
1485.34,1295.52,97.37
1485.36,1295.39,97.33
1485.40,1295.41,97.33
1485.48,1295.43,97.34
1485.41,1295.48,97.34
1485.00,1295.83,97.36
1485.02,1295.19,97.34
1485.18,1295.65,97.32
1485.21,1295.70,97.34
1485.46,1295.70,97.36
1485.48,1295.67,97.33
1485.46,1295.74,97.34
1485.49,1295.78,97.34
1485.37,1295.83,97.33
1485.32,1295.89,97.35
1485.36,1295.86,97.32
1485.31,1295.90,97.34
1485.43,1295.50,97.33
1485.45,1295.54,97.33
1485.57,1295.89,97.31
1485.57,1295.88,97.33
1485.58,1295.84,97.30
1485.60,1295.86,97.31
1485.73,1295.75,97.33
1485.76,1295.74,97.34
1485.78,1295.40,97.32
1485.81,1295.42,97.33
1485.79,1295.46,97.33
1485.66,1295.42,97.30
1485.85,1295.59,97.35
1485.76,1295.47,97.33
1485.63,1295.31,97.30
1485.57,1295.30,97.30
1485.58,1295.26,97.30
1485.54,1295.30,97.29
1485.58,1295.43,97.28
1485.41,1295.49,97.28
1485.46,1295.56,97.24
1485.25,1295.63,97.28
1485.35,1295.67,97.29
1485.27,1295.58,97.27
1485.28,1295.56,97.26
1485.23,1295.60,97.28
1485.52,1295.79,97.25
1485.58,1295.64,97.25
1485.35,1295.82,97.30
1485.45,1295.76,97.30
1485.36,1295.73,97.28
1485.27,1295.82,97.27
1485.24,1295.74,97.29
1485.24,1295.81,97.25
1485.23,1295.78,97.30
1485.18,1295.75,97.26
1485.54,1294.98,97.28
1485.51,1295.00,97.27
1485.66,1295.08,97.28
1485.76,1295.15,97.23
1485.78,1295.38,97.26
1485.84,1295.48,97.32
1485.58,1295.13,97.09
1485.56,1295.15,97.11
1485.04,1295.51,97.14
1485.03,1295.53,97.12
1485.42,1295.58,97.12
1485.41,1295.52,97.13
1485.66,1295.85,97.14
1485.65,1295.83,97.14
1485.53,1295.96,97.03
1485.54,1295.98,97.10
1486.81,1295.70,98.59
1486.74,1295.69,98.59
1486.80,1295.87,98.54
1486.74,1295.98,98.51
1486.70,1295.01,98.54
1486.69,1295.03,98.53
1486.86,1295.30,98.49
1486.85,1295.32,98.50
1486.62,1295.39,98.50
1486.63,1295.38,98.49
1486.23,1295.67,98.50
1486.22,1295.66,98.50
1486.93,1295.92,98.55
1486.91,1295.92,98.53
1486.63,1295.37,98.49
1486.62,1295.37,98.49
1486.71,1295.01,98.47
1486.72,1294.98,98.48
1486.16,1295.92,98.49
1486.16,1295.94,98.48
1486.40,1295.61,98.47
1486.40,1295.60,98.47
1486.61,1295.15,98.30
1486.61,1295.16,98.30
1486.62,1295.22,98.30
1486.62,1295.21,98.30
1486.59,1295.19,98.30
1486.60,1295.20,98.29
1486.61,1295.19,98.30
1486.60,1295.19,98.29
1486.61,1295.14,98.30
1486.60,1295.14,98.29
1486.58,1295.36,98.29
1486.58,1295.38,98.29
1486.62,1295.51,98.32
1486.63,1295.51,98.32
1486.56,1295.82,98.34
1486.57,1295.82,98.34
1486.62,1295.52,98.30
1486.61,1295.54,98.29
1486.05,1295.31,98.34
1486.04,1295.30,98.34
1486.39,1295.05,98.30
1486.37,1295.06,98.30
1486.43,1295.13,98.29
1486.44,1295.13,98.29
1486.44,1295.19,98.30
1486.45,1295.20,98.30
1486.23,1295.31,98.31
1486.22,1295.31,98.31
1486.23,1295.25,98.29
1486.23,1295.23,98.30
1486.13,1295.23,98.29
1486.13,1295.23,98.28
1486.34,1295.32,98.29
1486.36,1295.35,98.29
1486.18,1295.39,98.31
1486.19,1295.38,98.31
1486.31,1295.41,98.30
1486.28,1295.42,98.30
1486.32,1295.42,98.30
1486.33,1295.41,98.30
1486.35,1295.44,98.29
1486.36,1295.42,98.29
1486.35,1295.43,98.30
1486.34,1295.45,98.31
1486.44,1295.57,98.33
1486.43,1295.56,98.34
1486.38,1295.62,98.32
1486.36,1295.62,98.31
1486.29,1295.67,98.33
1486.26,1295.66,98.32
1486.11,1295.57,98.33
1486.11,1295.56,98.33
1486.27,1295.75,98.31
1486.29,1295.73,98.32
1486.39,1295.50,98.34
1486.38,1295.51,98.34
1486.45,1295.74,98.32
1486.47,1295.73,98.31
1486.81,1295.00,98.26
1486.82,1295.02,98.26
1486.52,1295.22,98.29
1486.53,1295.22,98.29
1486.73,1295.38,98.24
1486.72,1295.36,98.24
1486.71,1295.37,98.24
1486.72,1295.39,98.24
1486.14,1295.87,98.27
1486.18,1295.92,98.25
1486.06,1295.66,98.25
1486.05,1295.65,98.25
1486.11,1295.60,98.24
1486.13,1295.60,98.24
1486.11,1295.59,98.24
1486.12,1295.57,98.24
1486.03,1295.62,98.26
1486.03,1295.63,98.26
1486.20,1295.96,98.25
1486.19,1295.89,98.26
1486.01,1295.67,98.25
1485.94,1295.69,98.27
1486.01,1295.64,98.26
1486.03,1295.63,98.25
1486.26,1295.10,98.28
1486.26,1295.12,98.28
1486.26,1295.15,98.29
1486.26,1295.17,98.28
1486.31,1295.15,98.28
1486.32,1295.16,98.27
1486.50,1295.38,98.28
1486.50,1295.39,98.28
1486.12,1295.18,98.28
1486.13,1295.17,98.29
1486.32,1295.17,98.27
1486.33,1295.18,98.26
1486.07,1295.14,98.28
1486.06,1295.16,98.28
1486.16,1295.03,98.25
1486.16,1295.02,98.24
1486.05,1295.02,98.25
1486.07,1295.02,98.25
1486.02,1295.47,98.24
1486.01,1295.41,98.25
1486.36,1295.72,98.24
1486.52,1295.52,98.23
1486.47,1295.50,98.25
1486.27,1295.04,98.25
1486.32,1295.09,98.24
1486.31,1295.09,98.24
1486.28,1295.21,98.24
1486.29,1295.19,98.23
1486.36,1295.25,98.21
1486.37,1295.24,98.21
1486.36,1295.07,98.24
1486.36,1295.07,98.24
1486.18,1295.28,98.24
1486.25,1295.07,98.21
1486.26,1295.07,98.21
1486.27,1295.07,98.21
1486.28,1295.06,98.21
1486.60,1295.04,98.21
1486.60,1295.06,98.20
1486.87,1295.29,98.23
1486.89,1295.29,98.23
1486.52,1295.07,98.19
1486.31,1295.08,98.19
1486.29,1295.07,98.19
1486.04,1295.01,98.18
1486.21,1295.00,98.17
1486.20,1294.99,98.18
1486.41,1295.45,98.17
1486.41,1295.44,98.18
1486.99,1295.22,98.02
1486.48,1295.10,97.95
1486.09,1295.31,97.99
1486.05,1295.27,97.98
1486.50,1295.28,97.93
1486.07,1295.71,97.92
1486.07,1295.70,97.92
1486.82,1295.80,97.92
1486.81,1295.74,97.93
1486.40,1295.27,97.67
1486.43,1295.26,97.67
1486.84,1295.86,97.10
1486.85,1295.17,97.57
1486.76,1295.97,97.56
1486.66,1295.78,97.52
1486.68,1295.79,97.52
1486.09,1295.05,97.55
1486.58,1294.99,97.51
1486.57,1295.01,97.50
1486.92,1295.41,97.53
1486.92,1295.44,97.54
1486.76,1295.90,97.51
1486.75,1295.88,97.50
1486.50,1295.93,97.51
1486.45,1295.92,97.49
1486.01,1295.78,97.49
1486.81,1295.85,97.50
1486.80,1295.88,97.49
1486.05,1295.63,97.48
1486.07,1295.61,97.49
1486.05,1295.62,97.47
1486.01,1295.65,97.46
1486.79,1295.23,97.42
1486.79,1295.21,97.43
1486.93,1295.07,97.42
1486.93,1295.05,97.41
1486.59,1295.19,97.42
1486.60,1295.18,97.41
1486.21,1295.03,97.43
1486.20,1295.02,97.43
1486.17,1295.00,97.42
1486.20,1295.02,97.41
1486.14,1295.73,97.42
1486.10,1295.72,97.42
1486.96,1295.16,97.35
1486.97,1295.20,97.35
1486.51,1295.17,97.34
1486.59,1295.14,97.34
1486.56,1295.15,97.35
1486.58,1295.13,97.35
1486.77,1295.67,97.37
1486.77,1295.68,97.38
1486.75,1295.75,97.35
1486.76,1295.74,97.36
1486.85,1295.73,97.35
1486.84,1295.74,97.36
1486.72,1295.67,97.36
1486.75,1295.68,97.34
1486.26,1295.34,97.36
1486.29,1295.42,97.36
1486.33,1295.48,97.35
1486.31,1295.50,97.36
1486.75,1295.31,97.31
1486.62,1295.33,97.33
1486.14,1295.43,97.32
1486.14,1295.48,97.35
1486.05,1295.32,97.33
1486.11,1295.36,97.37
1486.27,1295.24,97.33
1486.22,1295.21,97.33
1486.40,1295.07,97.30
1486.39,1295.02,97.29
1486.17,1295.11,97.32
1486.16,1295.09,97.33
1486.05,1295.08,97.31
1486.06,1295.17,97.34
1486.18,1295.23,97.36
1486.04,1295.18,97.31
1486.28,1295.04,97.35
1486.30,1295.02,97.32
1486.37,1295.93,97.34
1486.36,1295.94,97.33
1486.59,1295.02,97.29
1486.61,1295.15,97.35
1486.62,1295.16,97.28
1486.54,1295.21,97.30
1486.84,1295.14,97.25
1486.85,1295.13,97.26
1486.60,1295.16,97.25
1486.64,1295.09,97.24
1486.89,1295.32,97.23
1486.87,1295.32,97.23
1486.14,1295.19,97.25
1486.11,1295.12,97.24
1486.42,1295.58,97.20
1486.42,1295.56,97.19
1486.84,1295.75,97.21
1486.86,1295.75,97.21
1486.88,1295.86,97.18
1486.88,1295.89,97.19
1486.83,1295.91,97.20
1486.81,1295.97,97.22
1486.12,1295.45,97.14
1486.05,1295.27,97.07
1487.59,1299.04,98.81
1487.61,1299.07,98.83
1487.13,1299.30,98.72
1487.13,1299.57,98.55
1487.11,1299.60,98.54
1487.33,1299.60,98.53
1487.72,1299.79,98.49
1487.59,1299.57,98.48
1487.61,1299.37,98.50
1487.82,1299.36,98.44
1487.10,1299.98,98.45
1487.07,1299.93,98.46
1487.68,1299.27,98.42
1487.67,1299.28,98.42
1487.66,1299.34,98.42
1487.75,1299.29,98.42
1487.67,1299.68,98.31
1487.67,1299.61,98.34
1487.30,1299.42,98.25
1487.29,1299.39,98.25
1487.40,1299.84,98.21
1487.43,1299.82,98.21
1487.72,1299.11,98.16
1487.66,1299.09,98.17
1487.15,1299.97,98.20
1487.13,1299.96,98.19
1487.16,1299.98,98.19
1487.13,1299.96,98.18
1487.03,1299.93,98.18
1487.03,1299.94,98.16
1487.03,1299.97,98.18
1487.40,1299.44,98.11
1487.67,1299.92,98.02
1487.68,1299.91,98.02
1487.68,1299.88,98.00
1487.46,1299.46,97.92
1487.45,1299.46,97.92
1487.80,1299.88,97.86
1487.76,1299.85,97.85
1487.70,1299.97,97.89
1487.59,1299.43,97.88
1487.33,1299.79,97.86
1487.34,1299.82,97.87
1487.30,1299.27,97.80
1487.14,1299.15,97.81
1487.41,1299.33,97.71
1487.44,1299.36,97.72
1487.16,1299.99,97.72
1487.17,1299.96,97.71
1487.49,1299.29,97.69
1487.48,1299.28,97.69
1487.51,1299.58,97.64
1487.51,1299.57,97.64
1487.43,1299.11,97.55
1487.42,1299.09,97.58
1487.42,1299.27,97.54
1487.40,1299.28,97.54
1487.28,1299.70,97.58
1487.30,1299.55,97.57
1487.24,1299.91,97.57
1487.71,1299.24,97.50
1487.80,1299.38,97.51
1487.61,1299.33,97.49
1487.61,1299.34,97.48
1487.77,1299.51,97.53
1487.68,1299.51,97.53
1487.05,1299.22,97.49
1487.05,1299.16,97.49
1487.61,1299.47,97.41
1487.61,1299.50,97.40
1487.44,1299.54,97.43
1487.41,1299.57,97.44
1487.46,1299.48,97.42
1487.32,1299.61,97.40
1487.24,1299.30,97.42
1487.06,1299.34,97.43
1487.26,1299.48,97.43
1487.07,1299.40,97.40
1487.27,1299.96,97.38
1487.03,1299.74,97.35
1487.07,1299.76,97.40
1487.50,1298.86,98.83
1487.58,1298.72,98.83
1487.76,1298.03,98.63
1487.49,1298.78,98.55
1487.05,1298.17,98.53
1487.52,1298.49,98.52
1487.36,1298.58,98.46
1487.21,1298.48,98.47
1487.56,1298.68,98.38
1487.28,1298.27,98.34
1487.32,1298.31,98.38
1487.51,1298.09,98.31
1487.69,1298.43,98.27
1487.71,1298.19,98.16
1487.27,1298.92,98.12
1487.27,1298.93,98.11
1487.73,1298.80,98.07
1487.77,1298.78,98.05
1487.62,1298.51,97.99
1487.63,1298.54,97.98
1487.56,1298.09,97.96
1487.55,1298.09,97.98
1487.82,1298.59,97.94
1487.81,1298.60,97.95
1487.80,1298.55,97.93
1487.81,1298.55,97.92
1487.61,1298.93,97.91
1487.63,1298.93,97.91
1487.25,1298.52,97.90
1487.30,1298.52,97.92
1487.74,1298.76,97.80
1487.76,1298.70,97.81
1487.53,1298.68,97.78
1487.58,1298.67,97.76
1487.43,1298.45,97.77
1487.42,1298.47,97.78
1487.38,1298.34,97.77
1487.40,1298.33,97.77
1487.04,1298.45,97.74
1487.04,1298.50,97.74
1487.66,1298.48,97.77
1487.62,1298.65,97.78
1487.69,1298.80,97.72
1487.19,1298.75,97.70
1487.43,1298.48,97.69
1487.43,1298.51,97.70
1487.04,1298.53,97.71
1487.14,1298.55,97.70
1487.14,1298.55,97.70
1487.06,1298.34,97.67
1487.08,1298.29,97.64
1487.41,1298.46,97.68
1487.38,1298.50,97.66
1487.89,1298.02,97.60
1487.27,1298.50,97.65
1487.36,1298.49,97.64
1487.37,1298.43,97.64
1487.37,1298.40,97.62
1487.16,1297.98,97.58
1487.24,1298.00,97.55
1487.52,1298.29,97.49
1487.31,1298.55,97.55
1487.35,1298.62,97.54
1487.23,1298.51,97.54
1487.21,1298.59,97.54
1487.04,1298.70,97.47
1487.05,1298.71,97.52
1487.02,1298.49,97.48
1487.91,1298.05,97.41
1487.91,1298.06,97.41
1487.73,1298.05,97.38
1487.76,1298.07,97.36
1487.62,1298.12,97.39
1487.69,1298.10,97.38
1487.60,1298.84,97.41
1487.62,1298.85,97.41
1487.24,1298.83,97.39
1487.10,1298.80,97.41
1487.03,1298.81,97.41
1487.80,1298.90,97.36
1487.79,1298.91,97.37
1487.37,1298.13,97.42
1487.31,1298.26,97.44
1487.38,1298.19,97.36
1487.44,1298.18,97.38
1487.15,1298.07,97.39
1487.08,1298.16,97.39
1487.23,1298.15,97.40
1487.24,1298.22,97.42
1487.83,1298.12,97.25
1487.79,1298.05,97.24
1487.36,1298.93,97.32
1487.43,1298.18,97.33
1487.54,1298.27,97.28
1487.81,1298.00,97.23
1487.38,1298.02,97.23
1487.79,1297.90,97.33
1487.45,1298.94,97.21
1487.54,1298.95,97.15
1487.43,1298.94,97.20
1487.41,1298.93,97.19
1487.63,1297.88,98.75
1487.56,1297.85,98.77
1487.24,1297.81,98.71
1487.21,1297.80,98.73
1487.11,1297.57,98.42
1487.11,1297.57,98.42
1487.19,1297.15,98.38
1487.21,1297.18,98.36
1487.19,1297.08,98.37
1487.18,1297.09,98.36
1487.72,1297.59,98.33
1487.68,1297.58,98.35
1487.74,1297.73,98.30
1487.77,1297.70,98.30
1487.36,1297.54,98.28
1487.35,1297.54,98.28
1487.48,1297.17,98.27
1487.54,1297.22,98.26
1487.79,1297.96,98.25
1487.80,1297.93,98.23
1487.06,1297.56,98.22
1487.18,1297.60,98.15
1487.06,1297.84,98.10
1487.05,1297.31,98.11
1487.89,1297.14,98.05
1487.35,1297.65,98.04
1487.24,1297.57,98.05
1487.56,1297.08,97.98
1487.40,1297.20,97.97
1487.30,1297.87,97.96
1487.32,1297.86,97.96
1487.65,1297.88,97.91
1487.65,1297.89,97.91
1487.29,1297.66,97.94
1487.32,1297.67,97.94
1487.18,1297.62,97.73
1487.18,1297.63,97.73
1487.39,1297.99,97.71
1487.41,1297.93,97.70
1487.80,1297.35,97.66
1487.82,1297.34,97.66
1487.45,1297.37,97.67
1487.44,1297.39,97.69
1487.44,1297.38,97.68
1487.45,1297.37,97.68
1487.44,1297.34,97.68
1487.45,1297.37,97.67
1487.41,1297.06,97.68
1487.37,1297.10,97.69
1487.76,1297.24,97.64
1487.74,1297.23,97.63
1487.26,1297.33,97.64
1487.34,1297.28,97.55
1487.33,1297.35,97.56
1487.40,1297.31,97.55
1487.36,1297.34,97.56
1487.04,1297.97,97.61
1487.71,1297.03,97.54
1487.71,1297.27,97.52
1487.67,1297.19,97.50
1487.65,1297.18,97.51
1487.40,1297.25,97.54
1487.41,1297.32,97.50
1487.43,1297.30,97.50
1487.28,1297.22,97.49
1487.71,1297.80,97.48
1487.34,1297.38,97.46
1487.57,1297.64,97.48
1487.45,1297.55,97.44
1487.56,1297.73,97.41
1487.57,1297.54,97.43
1487.55,1297.54,97.41
1487.76,1297.63,97.42
1487.76,1297.63,97.40
1487.88,1297.72,97.41
1487.92,1297.68,97.39
1487.75,1297.98,97.43
1487.54,1297.82,97.40
1487.57,1297.85,97.38
1487.65,1297.38,97.34
1487.68,1297.41,97.35
1487.30,1297.27,97.37
1487.44,1297.34,97.35
1487.53,1297.47,97.34
1487.57,1297.45,97.33
1487.60,1297.68,97.38
1487.71,1297.57,97.36
1487.28,1297.92,97.39
1487.52,1297.86,97.36
1487.58,1297.44,97.31
1487.65,1297.43,97.32
1487.85,1297.85,97.31
1487.92,1297.89,97.26
1487.89,1297.90,97.27
1487.81,1297.96,97.25
1487.81,1297.95,97.25
1487.37,1297.58,97.33
1487.41,1297.70,97.33
1487.82,1297.06,97.23
1487.84,1297.04,97.23
1487.15,1296.07,98.68
1487.13,1296.09,98.67
1487.64,1296.50,98.53
1487.64,1296.50,98.54
1487.03,1296.19,98.46
1487.00,1296.22,98.47
1487.41,1296.78,98.38
1487.42,1296.83,98.37
1487.17,1296.68,98.36
1487.19,1296.69,98.37
1487.55,1296.75,98.29
1487.56,1296.76,98.29
1487.10,1296.52,98.28
1487.09,1296.52,98.28
1487.41,1296.61,98.29
1487.42,1296.63,98.28
1484.11,1296.52,98.28
1484.12,1296.52,98.27
1487.38,1296.54,98.28
1487.36,1296.54,98.28
1487.45,1296.74,98.28
1487.48,1296.73,98.28
1487.76,1296.82,98.23
1487.77,1296.84,98.22
1487.65,1296.35,98.28
1487.63,1296.36,98.27
1487.22,1296.28,98.27
1487.23,1296.29,98.28
1487.69,1296.60,97.69
1487.70,1296.59,97.69
1487.90,1296.83,97.70
1487.91,1296.82,97.71
1487.90,1296.79,97.69
1487.89,1296.79,97.69
1487.95,1296.81,97.70
1487.93,1296.83,97.70
1487.90,1296.83,97.70
1487.87,1296.84,97.69
1487.85,1296.82,97.69
1487.97,1296.76,97.68
1487.85,1296.81,97.69
1487.67,1296.79,97.66
1487.91,1296.43,97.66
1487.70,1296.81,97.56
1487.87,1296.98,97.55
1487.89,1296.97,97.56
1487.95,1296.94,97.55
1487.79,1296.10,97.53
1487.81,1296.09,97.52
1487.63,1296.45,97.53
1487.37,1296.21,97.53
1487.17,1296.08,97.51
1487.08,1296.18,97.52
1487.08,1296.48,97.52
1487.84,1296.29,97.52
1487.86,1296.34,97.50
1487.36,1296.73,97.47
1487.32,1296.70,97.47
1487.12,1296.90,97.50
1487.12,1296.91,97.48
1487.21,1296.13,97.46
1487.23,1296.06,97.48
1487.41,1296.17,97.45
1487.26,1296.01,97.45
1487.26,1295.90,97.45
1487.59,1296.46,97.41
1487.56,1296.45,97.39
1487.76,1296.38,97.38
1487.72,1296.43,97.42
1487.68,1296.14,97.34
1487.66,1296.13,97.35
1487.25,1296.94,97.40
1487.28,1296.95,97.40
1487.31,1296.89,97.38
1487.28,1296.89,97.38
1487.05,1296.88,97.33
1487.04,1296.86,97.33
1487.07,1296.26,97.39
1487.34,1296.01,97.42
1487.34,1296.07,97.39
1487.08,1296.46,97.35
1487.40,1296.17,97.32
1487.64,1296.00,97.26
1487.63,1296.04,97.28
1487.17,1296.65,97.27
1487.37,1296.39,97.28
1487.21,1296.58,97.30
1487.27,1296.84,97.16
1487.29,1296.85,97.20
1487.39,1295.08,98.64
1487.41,1295.08,98.64
1487.04,1295.48,98.68
1487.10,1295.28,98.53
1487.09,1295.31,98.52
1487.08,1295.30,98.53
1487.07,1295.29,98.53
1487.06,1295.72,98.38
1487.10,1295.74,98.36
1487.24,1295.57,98.35
1487.25,1295.59,98.36
1487.12,1295.29,98.34
1487.11,1295.29,98.32
1487.29,1295.93,98.31
1487.28,1295.94,98.30
1487.54,1295.01,98.26
1487.55,1295.03,98.25
1487.56,1295.63,98.18
1487.56,1295.75,98.19
1487.88,1295.82,98.21
1487.91,1295.81,98.21
1487.06,1295.18,98.21
1487.04,1295.21,98.20
1487.04,1295.23,98.20
1487.05,1295.23,98.20
1487.12,1295.05,98.23
1487.10,1295.02,98.24
1487.07,1295.68,98.20
1487.04,1295.64,98.18
1487.29,1295.54,98.19
1487.29,1295.49,98.19
1487.42,1295.47,98.17
1487.26,1295.43,98.14
1487.46,1295.30,98.18
1487.44,1295.30,98.18
1487.40,1295.30,98.18
1487.43,1295.31,98.18
1487.45,1295.43,98.16
1487.19,1295.06,98.13
1487.90,1295.27,98.11
1487.91,1295.29,98.11
1487.91,1295.48,97.99
1487.25,1295.04,97.90
1487.30,1295.14,97.83
1487.29,1295.15,97.82
1487.22,1295.69,97.85
1487.23,1295.62,97.83
1487.86,1295.38,97.70
1487.63,1295.30,97.62
1487.57,1295.39,97.60
1487.58,1295.39,97.60
1487.67,1295.27,97.59
1487.67,1295.24,97.59
1487.07,1295.88,97.62
1487.05,1295.89,97.62
1487.56,1295.88,97.56
1487.59,1295.91,97.56
1487.33,1295.35,97.55
1487.70,1295.43,97.52
1487.75,1295.44,97.53
1487.53,1295.52,97.50
1487.47,1295.53,97.54
1487.49,1295.54,97.53
1487.46,1295.51,97.53
1487.50,1295.51,97.50
1487.16,1295.80,97.50
1487.11,1295.83,97.51
1487.07,1295.89,97.52
1487.01,1295.94,97.49
1487.11,1295.99,97.50
1487.01,1295.96,97.47
1487.29,1295.25,97.44
1487.76,1295.16,97.45
1487.75,1295.17,97.44
1487.90,1295.44,97.43
1487.90,1295.46,97.43
1487.42,1295.30,97.42
1487.42,1295.32,97.42
1487.23,1295.19,97.42
1487.44,1295.31,97.39
1487.25,1295.22,97.39
1487.37,1295.61,97.42
1487.36,1295.62,97.42
1487.21,1295.86,97.41
1487.21,1295.87,97.42
1487.25,1295.53,97.41
1487.27,1295.52,97.42
1487.72,1295.41,97.34
1487.71,1295.38,97.34
1487.71,1295.40,97.29
1487.68,1295.40,97.30
1487.73,1295.61,97.30
1487.72,1295.62,97.31
1487.63,1295.72,97.27
1487.60,1295.72,97.27
1487.10,1295.36,97.40
1487.13,1295.41,97.39
1487.33,1295.35,97.31
1487.43,1295.36,97.32
1487.45,1295.33,97.29
1487.42,1295.31,97.27
1487.47,1295.38,97.26
1487.45,1295.35,97.27
1487.51,1295.16,97.27
1487.36,1295.28,97.29
1487.19,1295.09,97.27
1487.22,1295.07,97.25
1487.18,1295.40,97.27
1487.12,1295.44,97.29
1487.48,1295.49,97.25
1487.48,1295.57,97.24
1487.33,1295.42,97.21
1487.33,1295.40,97.21
1487.75,1295.14,97.05
1487.77,1295.09,97.06
1488.79,1296.44,97.38
1488.78,1296.54,97.33
1488.67,1297.84,97.63
1488.94,1297.24,97.61
1488.95,1297.23,97.60
1488.80,1298.04,97.64
1488.78,1298.08,97.64
1488.83,1298.12,97.64
1488.83,1298.05,97.62
1488.77,1298.38,97.63
1488.79,1298.33,97.65
1488.85,1298.56,97.59
1488.84,1298.54,97.59
1489.60,1299.57,97.69
1489.60,1299.59,97.69
1489.60,1299.58,97.69
1489.54,1299.57,97.69
1489.56,1299.54,97.69
1489.44,1299.31,97.66
1489.43,1299.29,97.67
1489.46,1299.29,97.66
1489.44,1299.29,97.65
1489.44,1299.91,97.72
1489.47,1299.88,97.69
1489.44,1299.92,97.72
1489.02,1298.66,97.62
1489.13,1298.47,97.62
1489.05,1298.62,97.61
1489.93,1298.48,97.58
1489.97,1298.43,97.58
1489.43,1297.47,97.63
1489.41,1297.47,97.63
1489.28,1297.18,97.63
1489.26,1297.20,97.64
1489.11,1297.40,97.61
1489.12,1297.41,97.60
1489.87,1297.33,97.62
1489.88,1297.34,97.62
1489.89,1297.37,97.63
1489.31,1297.76,97.59
1489.31,1297.90,97.59
1489.86,1297.40,97.53
1489.90,1297.57,97.58
1489.77,1297.05,97.55
1489.79,1297.00,97.57
1489.55,1297.98,97.58
1489.47,1297.96,97.53
1489.02,1296.56,97.66
1489.04,1296.57,97.66
1489.79,1296.98,97.58
1489.82,1296.86,97.57
1489.23,1295.75,97.60
1489.18,1295.75,97.59
1489.34,1295.81,97.59
1489.30,1295.81,97.58
1489.46,1295.87,97.58
1489.40,1295.84,97.56
1489.39,1295.86,97.56
1489.36,1295.22,97.56
1489.35,1295.19,97.56
1489.73,1295.37,97.55
1489.70,1295.37,97.55
1489.79,1295.96,97.63
1489.81,1295.99,97.61
1489.79,1295.88,97.61
1489.78,1295.59,97.55
1491.38,1294.98,97.50
1491.39,1294.90,97.34
1491.38,1294.89,97.33
1491.37,1294.88,97.33
1491.39,1294.89,97.32
1491.97,1294.31,97.35
1491.94,1294.31,97.35
1492.01,1294.05,97.20
1491.97,1294.03,97.19
1491.43,1294.68,97.20
1491.41,1294.73,97.21
1491.92,1294.75,97.18
1491.69,1294.77,97.17
1491.56,1294.99,97.21
1491.68,1294.83,97.15
1491.84,1294.41,97.04
1491.85,1294.39,97.05
1491.69,1294.24,97.04
1491.69,1294.25,97.03
1491.96,1294.19,97.04
1491.57,1294.11,97.01
1492.15,1294.92,97.58
1492.10,1294.89,97.57
1492.45,1294.75,97.53
1492.52,1294.84,97.53
1492.31,1294.79,97.49
1492.27,1294.79,97.50
1492.36,1294.85,97.41
1492.42,1294.85,97.41
1492.30,1294.98,97.40
1492.46,1294.62,97.37
1492.44,1294.65,97.36
1492.01,1294.58,97.44
1492.06,1294.58,97.44
1492.50,1294.29,97.30
1492.43,1294.24,97.30
1492.15,1294.99,97.31
1492.17,1295.00,97.31
1492.13,1294.98,97.31
1492.51,1294.72,97.28
1492.51,1294.69,97.28
1492.27,1294.80,97.28
1492.32,1294.81,97.29
1492.32,1294.76,97.27
1492.33,1294.76,97.28
1492.43,1294.93,97.21
1492.40,1294.92,97.22
1492.47,1294.26,97.28
1492.17,1294.11,97.20
1492.02,1294.35,97.21
1492.59,1294.16,97.18
1492.59,1294.11,97.17
1492.44,1294.07,97.19
1492.50,1294.05,97.18
1491.99,1294.77,97.24
1492.24,1294.84,97.22
1492.16,1294.51,97.21
1492.00,1294.65,97.21
1492.34,1294.81,97.24
1492.15,1294.73,97.17
1492.00,1294.66,97.20
1491.92,1294.74,97.20
1492.22,1294.65,97.18
1492.16,1294.91,97.21
1492.42,1294.93,97.14
1492.41,1294.94,97.13
1490.18,1298.01,97.60
1490.21,1298.01,97.60
1490.14,1298.13,97.58
1490.11,1298.25,97.59
1490.02,1298.20,97.58
1490.11,1298.14,97.58
1490.62,1298.70,97.56
1490.61,1298.68,97.57
1490.17,1297.76,97.64
1490.23,1297.77,97.64
1490.28,1297.80,97.64
1490.26,1297.81,97.64
1490.24,1297.45,97.65
1490.23,1297.44,97.65
1490.17,1297.99,97.60
1490.13,1298.00,97.60
1490.12,1297.70,97.61
1490.12,1297.71,97.62
1490.13,1297.99,97.61
1490.40,1297.98,97.60
1490.73,1297.92,97.56
1490.69,1297.90,97.55
1490.90,1297.76,97.60
1490.87,1297.75,97.60
1490.96,1297.74,97.60
1490.96,1297.76,97.59
1490.68,1297.89,97.55
1490.76,1297.95,97.56
1490.19,1297.45,97.59
1490.22,1297.46,97.61
1490.74,1297.22,97.63
1490.76,1297.26,97.64
1490.23,1297.48,97.60
1490.25,1297.28,97.59
1490.41,1297.12,97.57
1490.45,1297.13,97.60
1490.42,1297.38,97.56
1490.43,1297.25,97.58
1490.66,1297.16,97.55
1490.59,1297.05,97.56
1490.88,1297.32,97.54
1490.98,1297.40,97.58
1490.31,1296.59,97.67
1490.34,1296.61,97.67
1490.47,1296.92,97.70
1490.50,1296.95,97.70
1490.48,1296.92,97.67
1491.81,1295.04,97.60
1491.78,1295.26,97.60
1491.08,1295.15,97.57
1491.05,1295.22,97.58
1491.26,1295.18,97.59
1491.25,1295.14,97.58
1491.28,1295.15,97.59
1491.31,1295.13,97.58
1491.41,1295.21,97.59
1491.39,1295.21,97.58
1491.38,1295.29,97.57
1491.17,1295.05,97.57
1491.14,1295.05,97.57
1491.34,1295.19,97.58
1491.14,1295.39,97.55
1491.39,1295.06,97.58
1491.33,1295.05,97.55
1491.37,1295.29,97.58
1491.37,1295.91,97.61
1491.16,1295.31,97.54
1491.11,1295.23,97.54
1491.93,1295.39,97.58
1491.88,1295.31,97.54
1491.03,1295.74,97.60
1491.04,1295.72,97.59
1491.07,1295.58,97.57
1491.09,1295.55,97.56
1491.04,1295.57,97.57
1491.05,1295.52,97.57
1491.56,1295.69,97.51
1491.21,1295.68,97.54
1491.08,1295.69,97.53
1491.02,1295.66,97.51
1491.12,1295.68,97.52
1491.15,1295.84,97.56
1491.04,1295.65,97.53
1491.09,1295.81,97.55
1491.15,1295.73,97.50
1491.14,1295.75,97.52
1491.39,1295.16,97.53
1491.44,1295.16,97.53
1491.45,1295.12,97.51
1491.09,1295.45,97.50
1491.08,1295.47,97.49
1491.92,1295.23,97.50
1491.95,1295.23,97.51
1491.12,1295.08,97.48
1491.13,1295.12,97.49
1491.01,1295.13,97.49
1491.57,1295.86,97.50
1491.62,1295.77,97.48
1491.70,1295.12,97.48
1491.71,1295.09,97.46
1491.06,1295.47,97.44
1491.03,1295.56,97.50
1491.60,1295.16,97.46
1491.02,1295.04,97.44
1491.43,1295.22,97.43
1491.45,1295.22,97.44
1491.04,1295.35,97.42
1491.08,1295.13,97.43
1491.10,1295.17,97.43
1491.10,1295.18,97.43
1491.43,1295.63,97.44
1491.38,1295.68,97.40
1491.43,1295.61,97.40
1491.46,1295.64,97.41
1491.54,1295.55,97.41
1491.59,1295.15,97.38
1491.37,1294.99,97.40
1491.41,1295.01,97.39
1491.37,1295.26,97.40
1491.50,1295.18,97.39
1491.49,1295.20,97.39
1491.17,1295.90,97.36
1491.19,1295.87,97.36
1491.20,1295.91,97.36
1491.16,1295.88,97.37
1491.14,1295.84,97.36
1491.79,1295.19,97.32
1491.87,1295.26,97.32
1491.61,1295.90,97.32
1491.74,1295.86,97.32
1491.72,1295.90,97.33
1491.69,1295.07,97.21
1491.67,1295.12,97.25
1491.73,1295.09,97.24
1491.57,1295.07,97.23
1491.57,1295.00,97.21
1491.97,1295.89,97.21
1492.05,1296.15,97.25
1491.98,1295.93,97.24
1491.96,1295.64,97.23
1491.74,1295.85,97.28
1491.87,1295.49,97.24
1491.70,1295.68,97.23
1491.78,1295.64,97.21
1491.02,1295.47,97.26
1491.02,1295.57,97.32
1491.39,1295.37,97.23
1491.50,1295.05,97.23
1491.38,1295.10,97.21
1491.64,1295.09,97.18
1491.22,1295.50,97.20
1491.94,1295.87,97.19
1491.91,1295.88,97.17
1491.75,1295.88,97.10
1491.72,1295.93,97.12
1491.31,1296.25,97.61
1491.34,1296.83,97.63
1491.32,1296.82,97.63
1491.33,1296.74,97.63
1491.32,1296.72,97.63
1491.34,1296.72,97.63
1491.33,1296.71,97.63
1491.31,1296.74,97.62
1491.37,1296.74,97.63
1491.35,1296.73,97.63
1491.61,1296.08,97.56
1491.84,1296.01,97.55
1491.85,1295.95,97.55
1491.73,1296.63,97.57
1491.66,1296.67,97.59
1491.18,1296.02,97.57
1491.38,1296.17,97.56
1491.45,1296.15,97.54
1491.35,1296.14,97.53
1491.47,1296.79,97.59
1491.21,1296.65,97.56
1491.23,1296.71,97.56
1491.30,1296.69,97.56
1491.39,1296.82,97.59
1491.44,1296.76,97.58
1491.98,1296.42,97.54
1491.86,1296.28,97.51
1491.88,1296.29,97.51
1491.86,1296.01,97.51
1491.82,1296.52,97.54
1491.60,1296.90,97.50
1491.64,1296.08,97.55
1491.53,1296.14,97.55
1491.30,1296.23,97.53
1491.97,1296.11,97.49
1491.43,1296.88,97.47
1491.95,1296.02,97.46
1491.61,1296.77,97.49
1491.65,1296.74,97.49
1491.67,1296.47,97.44
1491.98,1296.08,97.42
1491.97,1296.06,97.42
1491.69,1296.64,97.45
1491.32,1296.65,97.40
1491.29,1296.64,97.40
1491.49,1296.19,97.45
1491.52,1296.42,97.42
1491.27,1296.25,97.43
1491.26,1296.23,97.43
1491.28,1296.36,97.41
1491.25,1296.32,97.41
1491.70,1296.93,97.38
1491.72,1296.95,97.37
1491.80,1296.42,97.36
1491.82,1296.45,97.37
1491.81,1296.57,97.34
1491.03,1296.76,97.34
1491.90,1296.60,97.34
1491.93,1296.96,97.34
1491.93,1296.94,97.32
1491.62,1296.81,97.31
1491.76,1296.73,97.31
1491.44,1296.46,97.33
1491.09,1296.12,97.30
1491.12,1296.12,97.34
1491.89,1296.35,97.26
1491.81,1296.42,97.23
1492.01,1296.07,97.23
1491.98,1295.97,97.24
1491.99,1296.07,97.23
1491.66,1296.27,97.23
1491.66,1296.22,97.24
1492.26,1295.94,97.23
1492.18,1296.20,97.23
1491.79,1295.94,97.19
1491.86,1296.04,97.16
1491.61,1296.66,97.26
1491.65,1296.62,97.25
1491.72,1296.56,97.23
1491.71,1296.51,97.24
1491.50,1296.21,97.27
1491.53,1296.33,97.26
1491.22,1296.14,97.26
1491.21,1296.01,97.24
1491.51,1296.09,97.25
1491.44,1296.09,97.31
1491.38,1296.07,97.23
1491.26,1296.99,97.31
1491.05,1296.95,97.29
1491.21,1296.58,97.24
1491.48,1296.71,97.26
1491.44,1296.83,97.24
1491.48,1296.66,97.24
1491.44,1296.72,97.25
1491.46,1296.73,97.25
1491.45,1296.75,97.24
1491.59,1297.21,97.59
1491.91,1297.04,97.56
1491.10,1297.11,97.67
1491.44,1297.22,97.61
1491.44,1297.24,97.61
1491.34,1297.21,97.60
1491.03,1297.00,97.60
1491.04,1297.07,97.60
1491.07,1297.10,97.60
1491.38,1297.27,97.60
1491.38,1297.19,97.60
1491.38,1297.21,97.60
1491.45,1297.03,97.60
1491.46,1297.01,97.59
1491.19,1297.21,97.57
1491.38,1297.26,97.58
1491.33,1297.25,97.57
1491.39,1297.30,97.58
1491.31,1297.23,97.57
1491.21,1297.04,97.55
1491.18,1297.01,97.56
1491.47,1297.25,97.57
1491.46,1297.20,97.58
1491.05,1297.44,97.60
1491.04,1297.47,97.60
1491.43,1297.00,97.59
1491.46,1297.13,97.58
1491.56,1297.98,97.48
1491.52,1297.91,97.47
1491.52,1297.91,97.47
1491.82,1297.35,97.44
1491.84,1297.30,97.44
1491.20,1297.93,97.35
1491.94,1297.70,97.35
1491.11,1297.76,97.35
1491.16,1297.78,97.32
1491.99,1297.49,97.30
1491.96,1297.49,97.31
1491.39,1297.35,97.32
1491.36,1297.36,97.32
1491.23,1297.44,97.31
1491.20,1297.32,97.35
1491.06,1297.02,97.33
1491.07,1297.03,97.31
1491.23,1297.46,97.29
1491.25,1297.54,97.29
1491.37,1297.77,97.26
1491.37,1297.87,97.27
1491.39,1297.97,97.26
1491.40,1297.96,97.27
1491.87,1297.12,97.21
1491.77,1297.07,97.21
1491.80,1297.07,97.21
1491.89,1297.43,97.24
1491.87,1297.45,97.24
1491.16,1296.96,97.21
1491.25,1297.04,97.21
1491.50,1297.24,97.21
1491.22,1297.94,97.22
1491.06,1297.04,97.19
1491.22,1297.05,97.20
1491.60,1298.77,97.51
1491.90,1298.77,97.41
1491.87,1298.73,97.41
1491.83,1298.74,97.37
1491.84,1298.72,97.37
1491.86,1298.74,97.38
1491.94,1298.88,97.38
1491.84,1298.89,97.43
1491.25,1298.35,97.38
1491.21,1298.36,97.39
1491.07,1298.17,97.36
1491.33,1298.34,97.35
1491.78,1298.13,97.35
1491.74,1298.13,97.36
1491.50,1298.05,97.33
1491.56,1298.03,97.31
1491.88,1298.06,97.31
1491.91,1298.06,97.31
1491.57,1298.79,97.32
1491.59,1298.80,97.33
1491.87,1298.56,97.29
1491.20,1298.14,97.32
1491.34,1298.18,97.29
1491.33,1298.15,97.29
1491.34,1298.15,97.28
1491.76,1298.09,97.29
1491.29,1298.19,97.23
1491.31,1298.21,97.23
1491.32,1298.21,97.23
1491.32,1298.27,97.22
1491.33,1298.28,97.22
1491.32,1298.28,97.21
1491.30,1298.27,97.21
1491.22,1298.03,97.25
1491.35,1297.94,97.26
1491.56,1298.21,97.22
1491.61,1298.20,97.21
1491.66,1298.46,97.22
1491.70,1298.47,97.22
1491.73,1298.37,97.20
1491.65,1298.36,97.21
1491.90,1298.50,97.21
1491.92,1298.48,97.22
1491.99,1298.27,97.19
1491.97,1298.47,97.22
1491.22,1298.40,97.19
1491.20,1298.42,97.19
1491.66,1298.41,97.20
1491.62,1298.43,97.19
1491.57,1298.46,97.19
1491.62,1298.41,97.16
1491.18,1298.84,97.27
1491.05,1298.55,97.28
1491.09,1298.52,97.30
1491.04,1298.58,97.29
1491.06,1298.59,97.29
1491.07,1298.63,97.28
1491.09,1298.61,97.29
1491.22,1298.94,97.24
1491.41,1298.82,97.25
1491.42,1298.82,97.24
1491.27,1298.60,97.24
1491.27,1298.63,97.22
1491.41,1298.86,97.25
1491.37,1298.87,97.24
1491.37,1298.72,97.24
1491.37,1298.75,97.23
1491.31,1298.61,97.21
1491.36,1298.60,97.21
1491.40,1298.68,97.22
1491.39,1298.71,97.22
1491.45,1298.70,97.19
1491.41,1298.69,97.22
1491.45,1298.71,97.17
1491.40,1298.68,97.22
1491.20,1298.43,97.18
1491.19,1298.42,97.18
1491.15,1298.41,97.18
1491.19,1298.32,97.16
1491.05,1298.32,97.17
1491.09,1298.51,97.18
1491.13,1298.49,97.18
1491.08,1299.92,97.59
1491.04,1299.96,97.58
1491.03,1299.95,97.60
1490.99,1299.72,97.58
1491.13,1299.67,97.56
1491.14,1299.25,97.47
1491.18,1299.26,97.47
1491.39,1299.04,97.46
1491.21,1299.08,97.45
1491.18,1299.08,97.46
1491.74,1299.21,97.41
1491.12,1299.70,97.43
1491.14,1299.69,97.42
1491.80,1299.69,97.40
1491.77,1299.73,97.41
1491.51,1299.72,97.43
1491.60,1299.67,97.43
1491.03,1299.67,97.41
1491.06,1299.72,97.41
1491.98,1299.46,97.34
1491.61,1299.51,97.35
1491.62,1299.50,97.34
1491.49,1299.44,97.33
1491.43,1299.51,97.35
1491.63,1299.52,97.32
1491.58,1299.61,97.32
1491.63,1299.67,97.30
1491.86,1299.80,97.28
1491.85,1299.79,97.28
1491.98,1299.49,97.28
1491.93,1299.48,97.29
1491.70,1298.97,97.26
1491.72,1299.01,97.25
1491.29,1299.01,97.26
1491.24,1299.00,97.25
1492.32,1299.58,97.62
1492.24,1299.49,97.59
1492.30,1299.53,97.58
1492.32,1299.56,97.57
1492.76,1299.55,97.56
1492.73,1299.53,97.56
1492.95,1299.66,97.56
1493.03,1299.56,97.57
1492.92,1299.69,97.57
1492.37,1299.66,97.54
1492.39,1299.64,97.54
1492.34,1299.72,97.54
1492.79,1299.36,97.43
1492.76,1299.41,97.42
1492.55,1299.33,97.38
1492.65,1299.31,97.41
1492.62,1299.54,97.43
1492.60,1299.58,97.44
1492.91,1299.66,97.41
1492.94,1299.66,97.42
1492.02,1299.04,97.40
1492.04,1299.41,97.41
1491.92,1299.53,97.40
1492.25,1299.00,97.29
1492.30,1299.02,97.27
1492.84,1299.76,97.25
1492.79,1299.73,97.27
1492.89,1299.63,97.26
1492.87,1299.57,97.25
1492.54,1299.36,97.17
1492.55,1299.43,97.19
1492.47,1299.32,97.14
1492.58,1299.43,97.17
1492.62,1299.60,97.17
1492.62,1299.57,97.17
1492.43,1298.97,97.51
1492.44,1298.97,97.52
1492.49,1298.48,97.47
1492.44,1298.44,97.46
1492.24,1298.46,97.46
1492.09,1298.53,97.45
1492.09,1298.55,97.44
1492.13,1298.18,97.38
1492.52,1298.50,97.39
1492.52,1298.49,97.40
1492.51,1298.68,97.38
1492.46,1298.58,97.38
1492.43,1298.84,97.27
1492.43,1298.86,97.27
1492.15,1298.76,97.24
1492.13,1298.79,97.25
1492.16,1298.67,97.24
1492.11,1298.69,97.24
1492.07,1298.61,97.24
1492.13,1298.61,97.24
1492.31,1298.72,97.25
1492.32,1298.65,97.26
1492.07,1298.32,97.23
1492.02,1298.36,97.22
1492.31,1298.60,97.21
1492.34,1298.60,97.22
1492.18,1298.37,97.15
1492.21,1298.36,97.15
1492.09,1297.26,97.56
1492.41,1297.05,97.51
1492.33,1297.18,97.51
1492.34,1297.19,97.51
1492.34,1297.23,97.52
1492.30,1297.19,97.51
1492.33,1297.24,97.54
1492.60,1297.42,97.32
1492.66,1297.41,97.34
1492.03,1297.11,97.51
1492.03,1297.07,97.53
1492.48,1297.22,97.37
1492.49,1297.21,97.37
1492.50,1297.47,97.33
1492.57,1297.43,97.32
1492.18,1297.04,97.34
1492.00,1297.09,97.52
1492.40,1297.78,97.39
1492.19,1297.72,97.29
1492.26,1297.08,97.25
1492.29,1297.05,97.24
1492.08,1297.17,97.24
1492.06,1297.15,97.25
1492.03,1297.16,97.24
1492.10,1297.26,97.22
1492.06,1297.24,97.22
1492.02,1297.15,97.23
1492.19,1297.37,97.24
1492.00,1297.50,97.29
1491.91,1297.48,97.29
1492.11,1296.93,97.18
1492.16,1297.08,97.19
1492.23,1297.10,97.19
1492.24,1297.02,97.18
1492.24,1296.99,97.18
1492.11,1297.05,97.19
1492.41,1297.52,97.20
1492.51,1297.51,97.20
1492.46,1297.60,97.21
1492.49,1297.53,97.20
1492.00,1297.41,97.22
1492.03,1297.43,97.22
1492.14,1296.17,97.57
1492.15,1296.16,97.56
1492.10,1296.18,97.56
1492.12,1296.27,97.57
1492.12,1296.30,97.55
1492.14,1296.32,97.55
1492.13,1296.81,97.58
1492.11,1296.19,97.53
1492.10,1296.20,97.53
1492.19,1296.27,97.52
1492.14,1296.75,97.41
1492.15,1296.73,97.41
1492.53,1296.59,97.34
1492.51,1296.59,97.34
1492.14,1296.82,97.32
1492.43,1296.69,97.31
1492.26,1296.83,97.34
1492.27,1296.82,97.34
1492.48,1296.95,97.32
1492.36,1296.89,97.32
1492.36,1296.79,97.39
1492.15,1296.75,97.35
1492.39,1296.69,97.38
1492.22,1296.81,97.31
1492.02,1296.07,97.51
1492.09,1296.02,97.52
1492.12,1296.02,97.50
1492.09,1296.02,97.51
1492.19,1296.22,97.35
1492.25,1296.15,97.34
1492.15,1296.86,97.28
1492.17,1296.87,97.28
1492.12,1296.52,97.25
1492.14,1296.52,97.24
1492.45,1296.24,97.25
1492.48,1296.25,97.22
1492.29,1296.56,97.25
1492.24,1296.78,97.22
1492.35,1296.67,97.20
1492.41,1296.56,97.20
1492.05,1296.28,97.19
1492.46,1296.23,97.25
1492.00,1296.13,97.18
1491.97,1296.09,97.20
1492.43,1296.28,97.09
1492.45,1296.22,97.09
1492.45,1295.29,97.59
1492.43,1295.26,97.59
1492.17,1295.13,97.56
1492.16,1295.15,97.56
1492.35,1295.01,97.57
1492.36,1295.03,97.57
1492.45,1295.09,97.56
1492.43,1295.13,97.56
1492.50,1295.56,97.53
1492.13,1295.99,97.55
1492.51,1295.49,97.51
1492.52,1295.48,97.51
1492.45,1295.22,97.47
1492.48,1295.15,97.47
1492.30,1295.29,97.50
1492.33,1295.29,97.49
1492.30,1295.28,97.49
1492.31,1295.30,97.49
1492.44,1295.68,97.49
1492.10,1295.77,97.48
1492.09,1295.79,97.48
1492.38,1295.58,97.45
1492.58,1295.65,97.45
1492.10,1295.49,97.49
1492.34,1295.58,97.44
1492.31,1295.55,97.44
1492.07,1295.60,97.39
1492.33,1295.39,97.42
1492.39,1295.51,97.43
1492.05,1295.30,97.44
1492.44,1295.21,97.38
1492.60,1295.87,97.21
1492.37,1295.18,97.32
1492.38,1295.18,97.32
1492.43,1295.66,97.33
1492.43,1295.63,97.32
1492.35,1294.98,97.32
1492.33,1295.06,97.31
1492.46,1295.29,97.30
1492.12,1294.97,97.00
1492.16,1295.00,97.00
1492.43,1295.00,97.19
1492.60,1294.67,97.20
1492.53,1295.73,97.26
1492.54,1295.68,97.26
1492.12,1295.71,97.27
1492.40,1295.65,97.29
1492.44,1295.63,97.30
1492.42,1295.41,97.25
1492.58,1295.74,97.25
1492.53,1295.71,97.23
1492.54,1295.87,97.22
1492.54,1295.54,97.21
1492.43,1295.39,97.22
1492.41,1295.51,97.23
1492.38,1295.38,97.24
1492.51,1295.77,97.20
1492.52,1295.80,97.12
1492.49,1295.83,97.19
1492.51,1296.04,97.26
1492.45,1295.89,97.20
1492.45,1295.79,97.19
1492.49,1295.88,97.17
1492.47,1295.75,97.18
1492.35,1296.01,97.26
1492.38,1295.92,97.24
1492.10,1295.21,97.17
1492.06,1295.30,97.19
1492.06,1295.91,97.23
1492.11,1295.82,97.19
1492.14,1295.40,97.25
1492.36,1295.85,97.24
1492.08,1295.31,97.26
1492.30,1295.88,97.22
1492.15,1295.34,97.23
1492.22,1295.55,97.20
1492.08,1295.30,97.25
1492.23,1295.88,97.23
1492.19,1295.91,97.24
1491.92,1295.53,97.25
1491.99,1295.48,97.28
1492.27,1295.93,97.21
1492.10,1295.94,97.20
1491.91,1295.54,97.21
1492.00,1295.73,97.20
1492.00,1295.76,97.20
1492.32,1295.82,97.09
1492.26,1295.83,97.11
1492.27,1296.08,97.08
1492.21,1295.96,97.06
1492.19,1295.78,97.06
1492.20,1295.65,97.06
